"query_id","accession","title","organism","description","url","search_date","source_db"
"ENA_Q1","PRJEB108563","Autism Spectrum Disorder -UCLA","","Research examining gut-microbiome-brain-behavior interactions in ASD children through microbiome characterization, brain connectivity analysis, and fMRI studies to understand how dysbiosis relates to core features and symptom heterogeneity.","https://www.ebi.ac.uk/ena/browser/view/PRJEB108563","2026-04-02","ena"
"ENA_Q1","PRJEB42687","ASD Colorado Longitudinal","","Longitudinal evaluation of gut microbiome relationship to autism behavioral severity, diet and gastrointestinal symptoms in individuals with ASD and neurotypical controls across Arizona and Colorado.","https://www.ebi.ac.uk/ena/browser/view/PRJEB42687","2026-04-02","ena"
"ENA_Q1","PRJEB62437","Autism cohort","","Multi-omic study using Bayesian differential ranking algorithm on 10 microbiome and 15 omic datasets to identify autism-specific profiles along gut-brain axis and their functional architecture.","https://www.ebi.ac.uk/ena/browser/view/PRJEB62437","2026-04-02","ena"
"ENA_Q1","PRJEB31117","Human Gut Microbiota from Autism Spectrum Disorder Promote Behavioral Symptoms in Mice","","Study demonstrates microbiota depletion impairs social behavior in mice via HPA axis activation. Specific bacterial metabolites suppress HPA axis activation and improve social impairment.","https://www.ebi.ac.uk/ena/browser/view/PRJEB31117","2026-04-02","ena"
"ENA_Q1","PRJEB14629","Clinically-relevant gut microbial dysbiosis and hyperserotonemia in two mouse models of autism","","Maternal poly I:C and VPA injection results in distinct microbial dysbiosis in offspring that recapitulates patterns in clinical ASD cases, with elevated serum serotonin levels.","https://www.ebi.ac.uk/ena/browser/view/PRJEB14629","2026-04-02","ena"
"ENA_Q1","PRJEB60702","L. reuteri RCT for children with ASD","","Double-blind, randomized, placebo-controlled trial testing L. reuteri effects in children aged 2-8 with ASD. Results showed positive signal for improvements in social functioning without overall improvement in autism severity.","https://www.ebi.ac.uk/ena/browser/view/PRJEB60702","2026-04-02","ena"
"ENA_Q1","PRJEB78344","Efficacy and safety of BF839 for pediatric ASD","","Randomized, double-blind, placebo-controlled study of Bacteroides fragilis BF839 in 60 children with ASD. BF839 group showed significant improvement in body/object use scores and gastrointestinal symptoms.","https://www.ebi.ac.uk/ena/browser/view/PRJEB78344","2026-04-02","ena"
"ENA_Q1","PRJEB34807","Gut microbiota dysbiosis in Neurodevelopmental disorders","","Study evaluating gut microbiota diversity and composition in 36 children with neurodevelopmental disorders and 28 healthy controls, revealing increased harmful bacteria and lower diversity in patients.","https://www.ebi.ac.uk/ena/browser/view/PRJEB34807","2026-04-02","ena"
"ENA_Q1","PRJEB29421","Gut Microbiota Features in Young Children with Autism Spectrum Disorders","","Dysbiosis and SCFA alterations in 2-4 year old ASD cohort studying microbiota composition.","https://www.ebi.ac.uk/ena/browser/view/PRJEB29421","2026-04-02","ena"
"ENA_Q1","PRJEB23052","gut metagenome of ASD","","Shotgun metagenome sequencing comparing 43 ASD patients with 31 typically-developing children examining microbiota composition linked to neuropsychiatric symptoms.","https://www.ebi.ac.uk/ena/browser/view/PRJEB23052","2026-04-02","ena"
"ENA_Q1","PRJEB27306","Analysis of the intestinal and oropharyngeal microbiome, nutritional and immunological profile of children with Autism Spectrum Disorder (ASD) compared with children without","","Comprehensive analysis examining both intestinal and oropharyngeal microbiota alongside nutritional and immunological profiles in ASD versus control children.","https://www.ebi.ac.uk/ena/browser/view/PRJEB27306","2026-04-02","ena"
"ENA_Q1","PRJEB15418","Characterization of the gut microbiota associated with ASDs through high-throughput sequencing of the V3V5 region of 16S bacterial rRNA and of the ITS1 region of the fungal rRNA","","Characterized altered bacterial and fungal microbial communities in autism, identifying dysbiotic taxa associated with constipation and pro-inflammatory genera.","https://www.ebi.ac.uk/ena/browser/view/PRJEB15418","2026-04-02","ena"
"ENA_Q1","PRJEB15420","ASD gut mycobiota","","Neurotypical controls for ASD gut mycobiota characterization.","https://www.ebi.ac.uk/ena/browser/view/PRJEB15420","2026-04-02","ena"
"ENA_Q1","PRJEB45948","the fecal microflora of Korean children with ASD","","Investigates microbiota profiles in Korean ASD population.","https://www.ebi.ac.uk/ena/browser/view/PRJEB45948","2026-04-02","ena"
"ENA_Q1","PRJEB57564","Environmental and genetic factors in autism spectrum disorders","","Investigates microbiota dysbiosis, immune response, and metabolic markers in ASD children via 16S rRNA and shotgun metagenomic sequencing.","https://www.ebi.ac.uk/ena/browser/view/PRJEB57564","2026-04-02","ena"
"ENA_Q1","PRJEB58864","The microbiome of patients with social anxiety disorder is altered in comparison to healthy controls","","Whole-genome shotgun analysis of 49 faecal samples comparing gut microbiome composition in social anxiety disorder patients versus controls, with links to autism and other psychiatric conditions.","https://www.ebi.ac.uk/ena/browser/view/PRJEB58864","2026-04-02","ena"
"ENA_Q1","PRJEB59338","Tool for screening the risk of dysbiosis and characterizing the healthy and diseased intestinal microbiota","","Study develops tools to estimate risk of intestinal dysbiosis and its association with health conditions including autism, using questionnaire and 16SrRNA sequencing.","https://www.ebi.ac.uk/ena/browser/view/PRJEB59338","2026-04-02","ena"
"ENA_Q1","PRJEB44042","Kefir ameliorates specific microbiota-gut-brain axis impairments in a mouse model relevant to autism spectrum disorder","","Kefir supplementation study in BTBR mice showing behavioral improvements through microbiome modulation.","https://www.ebi.ac.uk/ena/browser/view/PRJEB44042","2026-04-02","ena"
"ENA_Q1","PRJEB55708","EMG produced TPA metagenomics assembly of PRJEB44042 data set","","Third Party Annotation assembly derived from primary whole genome shotgun data of kefir-ASD mouse study, assembled with metaSPAdes.","https://www.ebi.ac.uk/ena/browser/view/PRJEB55708","2026-04-02","ena"
"ENA_Q1","PRJEB79246","High-throughput workflow for cultivation and functional characterization of novel gut microbiota strains with metabolic signatures associated with gut-brain communication","","High-throughput culturing workflow isolating 141 bacterial strains, with 41 characterized for safety and probiotic potential related to neuropsychiatric disease mechanisms.","https://www.ebi.ac.uk/ena/browser/view/PRJEB79246","2026-04-02","ena"
"ENA_Q1","PRJEB11419","American Gut Project","","Largest crowdsourced citizen science microbiome cohort examining diet, disease, and lifestyle including autism.","https://www.ebi.ac.uk/ena/browser/view/PRJEB11419","2026-04-02","ena"
"ENA_Q1","PRJEB28847","The ketogenic diet influences taxonomic and functional composition of the gut microbiota in children with severe epilepsy","","Examines microbiota changes during ketogenic diet treatment in epilepsy with relevance to autism comorbidity.","https://www.ebi.ac.uk/ena/browser/view/PRJEB28847","2026-04-02","ena"
"ENA_Q1","PRJEB24653","Maternal exposure of glyphosate-based herbicide affects the gut microbiome of Sprague-Dawley rats","","Study examines whether low-dose glyphosate-based herbicide exposure to rats from prenatal life through adulthood modifies gut microbiome composition in relation to autism and obesity.","https://www.ebi.ac.uk/ena/browser/view/PRJEB24653","2026-04-02","ena"
"ENA_Q1","PRJEB26424","Chemotherapeutic remodeling of the gut microbiome","","Study demonstrates that dysfunctional gut microbiota from high fat diet can be remodeled using synthetic peptides, with benefits including restored SCFA levels and improved intestinal health.","https://www.ebi.ac.uk/ena/browser/view/PRJEB26424","2026-04-02","ena"
"ENA_Q1","PRJEB39681","Gut microbiome of virally-infected C57BL/6 mice","","Study investigates impact of chronic viral infection on intestinal microbiota in mouse model, addressing associations between GI tract microbial species and health conditions including autism.","https://www.ebi.ac.uk/ena/browser/view/PRJEB39681","2026-04-02","ena"
"ENA_Q1","PRJEB81553","Project 3 5XFAD Aim 1-Alzheimers Gut Microbiome Project","","Study tests hypothesis that microbial signals from gut promote neuroimmune activation and pathology in Alzheimer's disease mouse models, with relevance to autism and other neurological conditions.","https://www.ebi.ac.uk/ena/browser/view/PRJEB81553","2026-04-02","ena"
"ENA_Q1","PRJEB81554","Project 3 3XTG Aim 1-Alzheimers Gut Microbiome Project","","Study investigates functional contributions of human microbiome in Alzheimer's disease mouse models, examining gut-microbiome-brain connections relevant to autism and neurodegeneration.","https://www.ebi.ac.uk/ena/browser/view/PRJEB81554","2026-04-02","ena"
"ENA_Q1","PRJDB10011","Gut microbiota of 14 mice","mouse gut metagenome","Feces samples of 14 mice (7 wild-type and 7 autism model) were collected. The 16S rRNA gene hypervariable V1-V2 regions were PCR-amplified and multiplexed amplicon pyrosequencing was carried out.","https://www.ebi.ac.uk/ena/browser/view/PRJDB10011","2026-04-02","ena"
"ENA_Q1","PRJDB15271","The Gut Microbiota Regulates Autism-like Behavior by Mediating Synaptic Loss and Microbiota-Derived Metabolite in CLC4 KO mice","mouse gut metagenome","Study reveals the gut microbiota plays a key role in regulating synaptic loss and metabolites that induce autism-like behavior in CLC4 knock-out mice.","https://www.ebi.ac.uk/ena/browser/view/PRJDB15271","2026-04-02","ena"
"ENA_Q1","PRJDB36519","The Mechanistic Study of Exercise Amelioration of Autism through Vagus Nerve-Mediated Gut-Brain Axis Pathway","rat gut metagenome","Study uses voluntary running wheel exercise intervention and short chain fatty acid supplementation with vagotomy to determine if alterations of SCFAs modulate central neurotransmitter function via vagal pathway in rats with autism.","https://www.ebi.ac.uk/ena/browser/view/PRJDB36519","2026-04-02","ena"
"ENA_Q1","PRJDB38329","Construction and Applications of Synthetic Gut Microbiota","human gut metagenome","Study examines gut microbiota of individuals with autism, anxiety and depression through multi-omics approaches to engineer functional replacement microbiota and validate through animal models.","https://www.ebi.ac.uk/ena/browser/view/PRJDB38329","2026-04-02","ena"
"ENA_Q1","PRJDB37625","Isolation and genetic analysis of a gut bacterial strain with high GABA production capacity","Enterococcus gallinarum","Investigation of GABA-producing bacteria role in gut-brain axis function relevant to ASD pathophysiology. Identified Enterococcus gallinarum as high GABA producer.","https://www.ebi.ac.uk/ena/browser/view/PRJDB37625","2026-04-02","ena"
"ENA_Q1","PRJNA168470","Human Intestinal Microbial Ecology and its Relationship to Autism","human gut metagenome","Early study investigating the relationship between human intestinal microbial ecology and autism.","https://www.ebi.ac.uk/ena/browser/view/PRJNA168470","2026-04-02","ena"
"ENA_Q1","PRJNA243592","Gut microbiome metabolites alter genomic networks in PC12 cells relevant to autism spectrum disorders","Rattus norvegicus","Gut microbiome metabolites alter genomic networks in PC12 cells relevant to autism spectrum disorders.","https://www.ebi.ac.uk/ena/browser/view/PRJNA243592","2026-04-02","ena"
"ENA_Q1","PRJNA355023","Gut microbial dysbiosis in Indian children with Autistic spectrum disorders","","Compares fecal microbiota in Indian autistic vs. healthy children.","https://www.ebi.ac.uk/ena/browser/view/PRJNA355023","2026-04-02","ena"
"ENA_Q1","PRJNA355083","Gut microbiota signature in RETT syndrome","human gut metagenome","Gut microbiota characterization in Rett syndrome with relevance to autism spectrum.","https://www.ebi.ac.uk/ena/browser/view/PRJNA355083","2026-04-02","ena"
"ENA_Q1","PRJNA362482","gut metagenome Metagenome","gut metagenome","Refractory epilepsy microbiota alterations with links to autism.","https://www.ebi.ac.uk/ena/browser/view/PRJNA362482","2026-04-02","ena"
"ENA_Q1","PRJNA362687","Oral microbial changes in ASD children","oral metagenome","Project characterizing oral microbiome characteristics in autistic children.","https://www.ebi.ac.uk/ena/browser/view/PRJNA362687","2026-04-02","ena"
"ENA_Q1","PRJNA431279","Mouse colon contents, colonized with human fecal samples (TD or ASD) Raw sequence reads","mouse gut metagenome","Germ-free mouse colonization study using fecal microbiota from typically-developing and ASD children, revealing microbiome-induced behavioral changes including altered sociability and stereotypies.","https://www.ebi.ac.uk/ena/browser/view/PRJNA431279","2026-04-02","ena"
"ENA_Q1","PRJNA432094","Gut Microbiota from Human Autism Spectrum Disorder Induces Behavioral Deficits in Mice","","Transplantation of human ASD gut microbiota into germ-free mice induces behavioral deficits.","https://www.ebi.ac.uk/ena/browser/view/PRJNA432094","2026-04-02","ena"
"ENA_Q1","PRJNA436440","Metagenome Analysis of Human Gut Microbiome and its Prospective Influence in Autism","human gut metagenome","Gut Microbiome analysis in autism context.","https://www.ebi.ac.uk/ena/browser/view/PRJNA436440","2026-04-02","ena"
"ENA_Q1","PRJNA451479","Metagenomic sequencing of gut microbiota associated with autism spectrum disorders patients","feces metagenome","Metagenomic sequencing data comparing gut microbiota of 30 ASD patients with 30 healthy volunteers.","https://www.ebi.ac.uk/ena/browser/view/PRJNA451479","2026-04-02","ena"
"ENA_Q1","PRJNA453621","Gut microbiota analysis associated with autism spectrum disorders [16S rRNA]","feces metagenome","Analysis of 1322 OTUs in 143 ASD patients and 143 healthy controls showing elevated Firmicutes, Proteobacteria, Actinobacteria and decreased Bacteroidetes via V4 16S rRNA.","https://www.ebi.ac.uk/ena/browser/view/PRJNA453621","2026-04-02","ena"
"ENA_Q1","PRJNA453840","Metagenomic sequencing and 16S rRNA sequence of gut microbiota associated with autism spectrum disorders patients","","SuperSeries composed of SubSeries for metagenomic and 16S sequencing of ASD gut microbiota.","https://www.ebi.ac.uk/ena/browser/view/PRJNA453840","2026-04-02","ena"
"ENA_Q1","PRJNA516054","Whole metagenomic analysis of the enteric microbiota in children with autism spectrum disorder","human gut metagenome","Gut metagenomes isolated from children with ASD and control group identifying marker gene compositions.","https://www.ebi.ac.uk/ena/browser/view/PRJNA516054","2026-04-02","ena"
"ENA_Q1","PRJNA518760","microbial diversity in the saliva of ASD children- part II","human saliva metagenome","Reports microbiome dysregulations in the saliva of ASD children associated with cognitive impairment and circulating miRNA cross-talking.","https://www.ebi.ac.uk/ena/browser/view/PRJNA518760","2026-04-02","ena"
"ENA_Q1","PRJNA529463","Microbiome analysis of probiotic treatment in MIA ferrets","","Probiotic mechanisms in maternal immune activation ferret model.","https://www.ebi.ac.uk/ena/browser/view/PRJNA529463","2026-04-02","ena"
"ENA_Q1","PRJNA529598","Microbiota Transfer Therapy alters gut ecosystem and improves gastrointestinal and autism symptoms","","Open-label FMT study with 18-week tracking and 2-year follow-up showing improvements in GI and autism symptoms.","https://www.ebi.ac.uk/ena/browser/view/PRJNA529598","2026-04-02","ena"
"ENA_Q1","PRJNA530620","Autistic Symptoms and Gut Microbiota between Two Subgroups of ASD Children Based on gamma-delta T cells-derived IFN-gamma levels","","Compared autism severity and microbiota profiles between gamma-delta T-cell defined subgroups.","https://www.ebi.ac.uk/ena/browser/view/PRJNA530620","2026-04-02","ena"
"ENA_Q1","PRJNA559058","The oral microbiome of ASD mother-child pairs and healthy mother-child pairs","","Oral microbiome study involving 57 ASD children and mothers, plus 26 matched healthy child-mother pairs recruited in Shandong, China.","https://www.ebi.ac.uk/ena/browser/view/PRJNA559058","2026-04-02","ena"
"ENA_Q1","PRJNA589343","The gut microbiota changes in Chinese children with autism spectrum disorders","","Gut microbiota characterization in Chinese ASD children showing altered microbial composition.","https://www.ebi.ac.uk/ena/browser/view/PRJNA589343","2026-04-02","ena"
"ENA_Q1","PRJNA592843","Therapeutic effects of the in vitro cultured human gut microbiota as transplants on altering gut microbiota and improving symptoms associated with autism spectrum disorder","","Examines therapeutic potential of cultured human gut microbiota transplantation for modifying microbiota composition and ameliorating ASD symptoms.","https://www.ebi.ac.uk/ena/browser/view/PRJNA592843","2026-04-02","ena"
"ENA_Q1","PRJNA599249","Gut microbiota of ASD children","","Probiotics and fructo-oligosaccharide intervention modulating gut microbiome state in children with ASD.","https://www.ebi.ac.uk/ena/browser/view/PRJNA599249","2026-04-02","ena"
"ENA_Q1","PRJNA615774","gut microbiota in children with autism spectrum disorder accompanied with sleep disorder","","Investigation of gut microbiota in ASD children with comorbid sleep disorders.","https://www.ebi.ac.uk/ena/browser/view/PRJNA615774","2026-04-02","ena"
"ENA_Q1","PRJNA624252","16S rRNA gene sequence of autism spectrum disorder children","","16S rRNA gene sequencing of ASD children's gut microbiota.","https://www.ebi.ac.uk/ena/browser/view/PRJNA624252","2026-04-02","ena"
"ENA_Q1","PRJNA639900","Fungi, Friend or Foe? A Mycobiome Evaluation in Children with Autism and Gastrointestinal Symptoms","","Mycobiome characterization in ASD children with gastrointestinal symptoms.","https://www.ebi.ac.uk/ena/browser/view/PRJNA639900","2026-04-02","ena"
"ENA_Q1","PRJNA642975","16s rRNA amplicon sequencing of fecal samples from Chinese children with autism spectrum disorder","","Gut microbiota characterization in Chinese ASD children identifying differentially abundant taxa associated with inflammatory responses.","https://www.ebi.ac.uk/ena/browser/view/PRJNA642975","2026-04-02","ena"
"ENA_Q1","PRJNA644730","human gut metagenome Raw sequence reads","human gut metagenome","Examines gut microbial alterations in 76 ASD children/mothers versus 47 healthy controls via V3-V4 16S rRNA gene sequencing.","https://www.ebi.ac.uk/ena/browser/view/PRJNA644730","2026-04-02","ena"
"ENA_Q1","PRJNA644763","Study on the gut microbiota in autism children and their mothers","human gut metagenome","16S rRNA sequencing of gut microbiota in autism children and their mothers.","https://www.ebi.ac.uk/ena/browser/view/PRJNA644763","2026-04-02","ena"
"ENA_Q1","PRJNA675093","Fecal microbiome of children with autism spectrum disorder following probiotic and oxytocin supplementation","","Effects of combined probiotic and intranasal oxytocin supplementation on ASD fecal microbiome.","https://www.ebi.ac.uk/ena/browser/view/PRJNA675093","2026-04-02","ena"
"ENA_Q1","PRJNA687773","Fecal microbiome of children with autism spectrum disorder, their mothers, and healthy children","","16S rRNA amplicon sequencing of fecal samples from Chinese ASD children, mothers, and healthy controls.","https://www.ebi.ac.uk/ena/browser/view/PRJNA687773","2026-04-02","ena"
"ENA_Q1","PRJNA691555","Tongue microbiome associated with autism","","V1-V3 16S rRNA sequencing of tongue samples from 25 autism cases and 38 healthy controls.","https://www.ebi.ac.uk/ena/browser/view/PRJNA691555","2026-04-02","ena"
"ENA_Q1","PRJNA701402","Children with Attention-Deficit Hyperactivity Disorder or Autism spectrum disorder have distinct and shared microbiota compositions","human gut metagenome","V4 16S rRNA amplicon sequencing from fecal samples comparing ADHD, ASD, comorbid ADHD/ASD, and control children.","https://www.ebi.ac.uk/ena/browser/view/PRJNA701402","2026-04-02","ena"
"ENA_Q1","PRJNA708345","Autism-Associated Variant in the SLC6A3 Gene Alters the Oral Microbiome and Metabolism in a Murine Model","","Oral microbiome alteration in murine model with ASD-associated SLC6A3 variant.","https://www.ebi.ac.uk/ena/browser/view/PRJNA708345","2026-04-02","ena"
"ENA_Q1","PRJNA713927","Altered gut microbiome and autism-like behavior are associated with parental high salt diet in male mice","","Parental high salt diet effects on offspring gut microbiome and autism-like behavior in mice.","https://www.ebi.ac.uk/ena/browser/view/PRJNA713927","2026-04-02","ena"
"ENA_Q1","PRJNA715668","human gut metagenome Targeted Locus (Loci)","human gut metagenome","Paternal microbiota analysis in autism families.","https://www.ebi.ac.uk/ena/browser/view/PRJNA715668","2026-04-02","ena"
"ENA_Q1","PRJNA724745","16SrRNA from gut-microbiota of a mouse orally exposed to p-Cresol through drinkwater","mouse gut metagenome","Tests whether p-Cresol induces autism-like behavior via microbiota dysbiosis in mice.","https://www.ebi.ac.uk/ena/browser/view/PRJNA724745","2026-04-02","ena"
"ENA_Q1","PRJNA739812","mouse gut metagenome Metagenome","mouse gut metagenome","Triclosan-induced ASD mouse model treated with L. plantarum ST-III probiotic to assess microbiota and behavioral modifications.","https://www.ebi.ac.uk/ena/browser/view/PRJNA739812","2026-04-02","ena"
"ENA_Q1","PRJNA744027","China ASD Children gut microbiota 16S sequencing","","Washed microbiota transplantation and 16S sequencing to explore dysbiosis-ASD relationships in Chinese children.","https://www.ebi.ac.uk/ena/browser/view/PRJNA744027","2026-04-02","ena"
"ENA_Q1","PRJNA746094","Multi-omics signature of Autism Spectral Disorder reveals novel microbial macromolecules","","Multi-omics approach revealing novel microbial macromolecules in ASD.","https://www.ebi.ac.uk/ena/browser/view/PRJNA746094","2026-04-02","ena"
"ENA_Q1","PRJNA746736","16S rRNA gene sequence analysis of mice","","Cow's milk allergy-induced autism-like behavior via mTOR pathway with microbiota analysis.","https://www.ebi.ac.uk/ena/browser/view/PRJNA746736","2026-04-02","ena"
"ENA_Q1","PRJNA747052","Microbial community sequencing and host transcripts sequencing in the Shank3 mouse model of autism spectrum disorder","","Zinc diet effects on Shank3 knockout microbiota and behavior.","https://www.ebi.ac.uk/ena/browser/view/PRJNA747052","2026-04-02","ena"
"ENA_Q1","PRJNA754695","Gut microbiota profile in Autism Spectrum Disorders patients","","Bacterial 16S rRNA metagenomic analysis of fecal samples via Illumina MiSeq in ASD children.","https://www.ebi.ac.uk/ena/browser/view/PRJNA754695","2026-04-02","ena"
"ENA_Q1","PRJNA758217","the effect and mechanism of fecal bacteria transplantation on Autistic Spectrum Disorder","","Clinical trial using 16S rRNA sequencing to evaluate FMT effects on GI and ASD symptoms and microbiota alterations in children with autism.","https://www.ebi.ac.uk/ena/browser/view/PRJNA758217","2026-04-02","ena"
"ENA_Q1","PRJNA764443","Shotgun metagenomic sequencing in the Shank3 mouse model of autism spectrum disorder","","Shotgun metagenomic data from faecal and ileum samples of the Shank3B-/- mouse model.","https://www.ebi.ac.uk/ena/browser/view/PRJNA764443","2026-04-02","ena"
"ENA_Q1","PRJNA769228","Gut microbial profile is associated with the severity of social impairment and IQ performance in children with autism spectrum disorders","","Gut microbial profile correlated with social impairment severity and IQ in ASD children.","https://www.ebi.ac.uk/ena/browser/view/PRJNA769228","2026-04-02","ena"
"ENA_Q1","PRJNA782533","Metagenomic study of the gut microbiome associated with autism spectrum disorders and their potential change after Microbiota Transfer Therapy","","Shotgun metagenomics of children with autism and potential changes after microbiota transfer therapy.","https://www.ebi.ac.uk/ena/browser/view/PRJNA782533","2026-04-02","ena"
"ENA_Q1","PRJNA786259","Homo sapiens Raw sequence reads","Homo sapiens","Explores microbiota changes and FMT effects in autism patients.","https://www.ebi.ac.uk/ena/browser/view/PRJNA786259","2026-04-02","ena"
"ENA_Q1","PRJNA789567","Faecal microbial transfer in the Shank3B mouse model of autism spectrum disorder","","Faecal microbial transplantation in Shank3B ASD mouse model to assess behavioral and microbial changes.","https://www.ebi.ac.uk/ena/browser/view/PRJNA789567","2026-04-02","ena"
"ENA_Q1","PRJNA801712","The role of probiotics in children with autism spectrum disorders","human gut metagenome","Randomized controlled trial of probiotic supplementation effects on microbiota balance and ASD symptoms in 160 children.","https://www.ebi.ac.uk/ena/browser/view/PRJNA801712","2026-04-02","ena"
"ENA_Q1","PRJNA813424","microbiome, mycobiome and sncRNAs of children with autism spectrum disorders","","Omics investigation of microbiome, mycobiome, and small non-coding RNAs in autistic children revealing dysregulated transcriptional modulators.","https://www.ebi.ac.uk/ena/browser/view/PRJNA813424","2026-04-02","ena"
"ENA_Q1","PRJNA814201","Analysis of small ncRNAs in stool samples from ASD patients","Homo sapiens","Comparative analysis of fecal microbiome, mycobiome, and non-coding RNAs from autistic children versus neurotypical controls.","https://www.ebi.ac.uk/ena/browser/view/PRJNA814201","2026-04-02","ena"
"ENA_Q1","PRJNA815491","A preliminary investigation on the relationship between gut microbiota and gene expressions in peripheral mononuclear cells of infants with autism spectrum disorders","","Analyzes association between altered microbiota and ASD development in infants.","https://www.ebi.ac.uk/ena/browser/view/PRJNA815491","2026-04-02","ena"
"ENA_Q1","PRJNA837206","Melatonin and autism","","Melatonin effects on autism mouse model microbiota.","https://www.ebi.ac.uk/ena/browser/view/PRJNA837206","2026-04-02","ena"
"ENA_Q1","PRJNA842719","16S rRNA-seq of gut microbiota from fetal alcohol spectrum disorders (FASD) mice","","Gut microbiome profiling as biomarker for lipid dysregulation and brain pathology in FASD models with relevance to ASD.","https://www.ebi.ac.uk/ena/browser/view/PRJNA842719","2026-04-02","ena"
"ENA_Q1","PRJNA845014","gut microbiota in autism Raw sequence reads","","Gut microbiota sequencing data from autism patients.","https://www.ebi.ac.uk/ena/browser/view/PRJNA845014","2026-04-02","ena"
"ENA_Q1","PRJNA854167","Impact of OMEGA-3 nutrition on stool microbiome of autistic mice","","Omega-3 lipid nutrition effects on ASD mouse microbiota.","https://www.ebi.ac.uk/ena/browser/view/PRJNA854167","2026-04-02","ena"
"ENA_Q1","PRJNA857187","Microbiota-Indole 3-Propionic Acid-Brain Axis Mediates Abnormal Synaptic Pruning of Hippocampal Microglia and Susceptibility to ASD in IUGR Offsprings","","IPA/AHR/NF-kB signaling pathway in intrauterine growth retardation-induced ASD susceptibility.","https://www.ebi.ac.uk/ena/browser/view/PRJNA857187","2026-04-02","ena"
"ENA_Q1","PRJNA910918","ASD patients gut metagenome 1st set of sample Metagenome","human gut metagenome","16S rRNA gene amplified using metagenomics technique from autistic and control children.","https://www.ebi.ac.uk/ena/browser/view/PRJNA910918","2026-04-02","ena"
"ENA_Q1","PRJNA915328","Human Gut Microbiota from Autism Change the behavior of honeybees","","Transplanting human ASD gut microbiota into honeybees to study behavioral changes.","https://www.ebi.ac.uk/ena/browser/view/PRJNA915328","2026-04-02","ena"
"ENA_Q1","PRJNA917543","Analysis of gut microbiota profiles and their associations in children with autism spectrum disorders in Bangladesh","","Gut microbiota profiling in Bangladeshi ASD children.","https://www.ebi.ac.uk/ena/browser/view/PRJNA917543","2026-04-02","ena"
"ENA_Q1","PRJNA928241","Gut microbiome of autism spectrum disorder's patients in Thailand","human gut metagenome","Thai ASD patient microbiota characterization.","https://www.ebi.ac.uk/ena/browser/view/PRJNA928241","2026-04-02","ena"
"ENA_Q1","PRJNA932561","autistic children Raw sequence reads","Homo sapiens","16S sequencing data from children with autism and normal controls.","https://www.ebi.ac.uk/ena/browser/view/PRJNA932561","2026-04-02","ena"
"ENA_Q1","PRJNA938142","Acetate supplementation rescues social deficits and alters transcriptional regulation in prefrontal cortex of Shank3 deficient mice","Mus musculus","Acetate metabolite supplementation in Shank3KO mice rescuing social behavior.","https://www.ebi.ac.uk/ena/browser/view/PRJNA938142","2026-04-02","ena"
"ENA_Q1","PRJNA941891","16S amplicon data for pediatric ASD patients receiving probiotic intervention with VISBIOME","human gut metagenome","Bacterial community profiling via 16S amplicon sequencing in autism patients undergoing probiotic therapy.","https://www.ebi.ac.uk/ena/browser/view/PRJNA941891","2026-04-02","ena"
"ENA_Q1","PRJNA943687","Faecal metagenome of children with autism spectrum disorder and children that are neurotypical","human feces metagenome","Large metagenomic dataset from Hong Kong comparing ASD and neurotypical children.","https://www.ebi.ac.uk/ena/browser/view/PRJNA943687","2026-04-02","ena"
"ENA_Q1","PRJNA952791","Microbiota of ASD and neurotypical human and humanized-mouse fecal samples","","16S rRNA reads from individuals with autism, family members, and colonized germ-free mice.","https://www.ebi.ac.uk/ena/browser/view/PRJNA952791","2026-04-02","ena"
"ENA_Q1","PRJNA953169","Gut microbiota and metabolomics in child with autism spectrum disorder","","Fecal 16S rRNA sequencing and bioinformatics analysis assessing gut microbiota in ASD children from southeastern coastal China.","https://www.ebi.ac.uk/ena/browser/view/PRJNA953169","2026-04-02","ena"
"ENA_Q1","PRJNA972634","Human feces Raw sequence reads","human feces metagenome","Characterizing the gut-DNA virome community composition in children with autism spectrum disorder.","https://www.ebi.ac.uk/ena/browser/view/PRJNA972634","2026-04-02","ena"
"ENA_Q1","PRJNA988151","Nutrition and gut microbiota in Autism Spectrum Disorder children","","Cross-sectional study analyzing dietary intake, nutritional status, sensory profiles, and 16S rRNA gut microbiota in 35 ASD and 30 typically developing children.","https://www.ebi.ac.uk/ena/browser/view/PRJNA988151","2026-04-02","ena"
"ENA_Q1","PRJNA1018541","Therapeutic efficacy of Sulforaphane in autism spectrum disorders and its association with gut microbiota","","Sulforaphane treatment effects on ASD symptoms and gut microbiota composition.","https://www.ebi.ac.uk/ena/browser/view/PRJNA1018541","2026-04-02","ena"
"ENA_Q1","PRJNA1018910","Therapeutic efficacy of Sulforaphane in autism spectrum disorders and its association with gut microbiota","","Sulforaphane ASD gut microbiota study (related dataset).","https://www.ebi.ac.uk/ena/browser/view/PRJNA1018910","2026-04-02","ena"
"ENA_Q1","PRJNA1037036","human stool sample","","Metagenomics data for pediatric ASD children and neurotypical children.","https://www.ebi.ac.uk/ena/browser/view/PRJNA1037036","2026-04-02","ena"
"ENA_Q1","PRJNA1038701","Gut-brain axis: role of the gut microbiota in the effects induced by cocaine","","Evaluates role of intestinal microbiota on changes induced by chronic smokable cocaine in rats using Lactobacillaceae strains impacting gut-brain axis.","https://www.ebi.ac.uk/ena/browser/view/PRJNA1038701","2026-04-02","ena"
"ENA_Q1","PRJNA1046003","Microbiome AI decision-making: Autism Spectrum Disorder in children from Bosnia and Herzegovina","","Analysis of 60 children gut microbiome 16S rRNA samples from Bosnia and Herzegovina, 44 ASD and 16 neurotypical controls.","https://www.ebi.ac.uk/ena/browser/view/PRJNA1046003","2026-04-02","ena"
"ENA_Q1","PRJNA1047541","Gut microbiota of children with ASD","","Investigated fecal microbiota transplantation utility in children with autism spectrum disorder.","https://www.ebi.ac.uk/ena/browser/view/PRJNA1047541","2026-04-02","ena"
"ENA_Q1","PRJNA1057995","Analysis of the gut virome in children with autism","human gut metagenome","Recruited two-child families with one child with autism and healthy sibling for viral metagenomic analysis of stool samples.","https://www.ebi.ac.uk/ena/browser/view/PRJNA1057995","2026-04-02","ena"
"ENA_Q1","PRJNA1080644","gut metagenome from mouse feces Raw sequence reads","","Study of Lactiplantibacillus plantarum PS128 probiotic effects on VPA-induced ASD mice showing behavioral improvements.","https://www.ebi.ac.uk/ena/browser/view/PRJNA1080644","2026-04-02","ena"
"ENA_Q1","PRJNA1083497","Supplier-origin microbiome affect host behavior and growth of an autism mouse model","","Investigation of how supplier-origin microbiome differences affect behavior and growth in autism mouse model.","https://www.ebi.ac.uk/ena/browser/view/PRJNA1083497","2026-04-02","ena"
"ENA_Q1","PRJNA1085546","stool sample from ASD children gut Raw sequence reads","human feces metagenome","Stool sample analysis from ASD children's gut.","https://www.ebi.ac.uk/ena/browser/view/PRJNA1085546","2026-04-02","ena"
"ENA_Q1","PRJNA1088255","Mapping the Geographical Distribution of the Mucosa-Associated Gut Microbiome in GI-Symptomatic Children with Autism","","16S rRNA sequencing of biopsies from five GI tract regions in ASD and typically developing children.","https://www.ebi.ac.uk/ena/browser/view/PRJNA1088255","2026-04-02","ena"
"ENA_Q1","PRJNA1090096","ASD and Microbiota","","Examined gut microbial composition in Lebanese ASD subjects, unaffected siblings, and controls via NGS.","https://www.ebi.ac.uk/ena/browser/view/PRJNA1090096","2026-04-02","ena"
"ENA_Q1","PRJNA1103334","Integrated analysis of metabolome and microbiome in a mouse model of sodium valproate-induced autism","","Investigates correlations between gut microbiota and metabolomic disorders in SV-induced autism mice using GC-MS and 16S rRNA sequencing.","https://www.ebi.ac.uk/ena/browser/view/PRJNA1103334","2026-04-02","ena"
"ENA_Q1","PRJNA1103839","Gut microbiota Autism spectrum disorder and neurotypical children","","Gut microbiota comparison between ASD and neurotypical children.","https://www.ebi.ac.uk/ena/browser/view/PRJNA1103839","2026-04-02","ena"
"ENA_Q1","PRJNA1110582","study of microbial diversity in gut","","Gut microbial diversity study with relevance to ASD.","https://www.ebi.ac.uk/ena/browser/view/PRJNA1110582","2026-04-02","ena"
"ENA_Q1","PRJNA1112427","Effects of low FODMAP diet and probiotics on behavioral problems and gut microbiota in children with autism spectrum disorder","","Low FODMAP diet and probiotic intervention in ASD children measuring behavioral and microbiota outcomes.","https://www.ebi.ac.uk/ena/browser/view/PRJNA1112427","2026-04-02","ena"
"ENA_Q1","PRJNA1116522","Changes in tongue-coating microbiota and its predictive role in treatment outcomes following washed microbiota transplantation in children with autism","","Oral and gut microbiota changes post-washed microbiota transplantation in ASD children with predictive modeling.","https://www.ebi.ac.uk/ena/browser/view/PRJNA1116522","2026-04-02","ena"
"ENA_Q1","PRJNA1121380","Colombian Children gut microbiota","","ASD vs. neurotypical microbiota comparison in Colombian children.","https://www.ebi.ac.uk/ena/browser/view/PRJNA1121380","2026-04-02","ena"
"ENA_Q1","PRJNA1136218","Correction of batch effect in gut microbiota profiling of ASD cohorts from different geographical origin","","Biostatistical methods to minimize batch effects in bacterial composition analysis within autism spectrum context.","https://www.ebi.ac.uk/ena/browser/view/PRJNA1136218","2026-04-02","ena"
"ENA_Q1","PRJNA1141738","Metagenomics of fecal microbiota in children with ASD","","Fecal metagenomic investigation of gut microbiota dysbiosis associations with ASD in children.","https://www.ebi.ac.uk/ena/browser/view/PRJNA1141738","2026-04-02","ena"
"ENA_Q1","PRJNA1149350","Impact of Washed Microbiota Transplantation on the Colonic in situ Microbiota of Children with Autism","","Colonic microbiota changes following WMT in autism children.","https://www.ebi.ac.uk/ena/browser/view/PRJNA1149350","2026-04-02","ena"
"ENA_Q1","PRJNA1155863","Metataxonomic and immunological analysis of feces from children with or without Phelan-McDermid syndrome","","Analyzes microbiota and immune profiles in PMS children versus controls using 16S rRNA sequencing and multiplex cytokine assay.","https://www.ebi.ac.uk/ena/browser/view/PRJNA1155863","2026-04-02","ena"
"ENA_Q1","PRJNA1199347","Gut microbiota in children with autism","","Gut microbiota characterization in autistic children.","https://www.ebi.ac.uk/ena/browser/view/PRJNA1199347","2026-04-02","ena"
"ENA_Q1","PRJNA1207206","Gut microbiota diversity and composition in children with autism spectrum disorder","","Comparative study of healthy, mild, and severe ASD children showing reduced alpha diversity and dysbiosis indices.","https://www.ebi.ac.uk/ena/browser/view/PRJNA1207206","2026-04-02","ena"
"ENA_Q1","PRJNA1222609","Comprehensive analysis of gut microbiota and fecal metabolites in patients with autism spectrum disorder","","Long-read 16S rRNA sequencing and untargeted metabolomics in 34 ASD patients and 18 healthy controls.","https://www.ebi.ac.uk/ena/browser/view/PRJNA1222609","2026-04-02","ena"
"ENA_Q1","PRJNA1249993","Gut Microbiota Modulation by FMT Rescues Autism-like Phenotypes and Prefrontal E/I Imbalance in ASD Mice","","Fecal microbiota transplant effects on autism-related behaviors and neural excitatory/inhibitory imbalance in ASD mice.","https://www.ebi.ac.uk/ena/browser/view/PRJNA1249993","2026-04-02","ena"
"ENA_Q1","PRJNA1250271","Genomic Sequencing of Fecal Isolates from Autistic or Healthy Children","","Bacterial strain isolation and genomic characterization from gut of autistic and healthy children.","https://www.ebi.ac.uk/ena/browser/view/PRJNA1250271","2026-04-02","ena"
"ENA_Q1","PRJNA1273336","Gut Microbiota Characteristics and the Efficacy of Fecal Microbiota Transplantation in Children with Autism Spectrum Disorder in Central China","","Cross-sectional and prospective study of FMT efficacy in 48 ASD children versus 51 controls in Central China.","https://www.ebi.ac.uk/ena/browser/view/PRJNA1273336","2026-04-02","ena"
"ENA_Q1","PRJNA1274164","A novel synbiotic (SCM06) for anxiety and sensory hyperresponsiveness in children with autism spectrum disorder: an open-label pilot study","human feces metagenome","SCM06 synbiotic pilot study in 30 ASD children for anxiety and sensory symptoms.","https://www.ebi.ac.uk/ena/browser/view/PRJNA1274164","2026-04-02","ena"
"ENA_Q1","PRJNA1274925","Gut microbiota diversity is altered in a sex-dependent manner in Shank3B heterozygote mice","","Sex-specific microbiota signatures in Shank3B ASD model mice.","https://www.ebi.ac.uk/ena/browser/view/PRJNA1274925","2026-04-02","ena"
"ENA_Q1","PRJNA1276154","Metagenomic sequence of human feces","","Metagenomic sequence of feces in ASD children.","https://www.ebi.ac.uk/ena/browser/view/PRJNA1276154","2026-04-02","ena"
"ENA_Q1","PRJNA1277165","Gut Microbiota and Urine Metabolomics Signature in Autism Spectrum Disorder children from Southern China","","Cohort study of 88 participants exploring gut microbiota via 16S rRNA and urine metabolomics profiles in ASD.","https://www.ebi.ac.uk/ena/browser/view/PRJNA1277165","2026-04-02","ena"
"ENA_Q1","PRJNA1280289","Gut Microbiota Composition and Phylogenetic Analysis in Autism Spectrum Disorder: A Comparative Study","","Microbiota-SCFA nexus investigation in ASD children.","https://www.ebi.ac.uk/ena/browser/view/PRJNA1280289","2026-04-02","ena"
"ENA_Q1","PRJNA1282650","Retrospective review: single- and multidonor washed microbiota transplantation have equivalent efficacy in the treatment of autism","","Retrospective assessment comparing single versus multidonor WMT approaches in 44 ASD patients.","https://www.ebi.ac.uk/ena/browser/view/PRJNA1282650","2026-04-02","ena"
"ENA_Q1","PRJNA1295997","novel microbiota and the gut-brain axis in ASD individuals","","Novel microbial discovery in severe non-verbal autism cases.","https://www.ebi.ac.uk/ena/browser/view/PRJNA1295997","2026-04-02","ena"
"ENA_Q1","PRJNA1304930","SPIND","human gut metagenome","Fecal microbiota transplantation to treat autism.","https://www.ebi.ac.uk/ena/browser/view/PRJNA1304930","2026-04-02","ena"
"ENA_Q1","PRJNA1307773","Metagenomic data on adolescents with autism spectrum disorder","Homo sapiens","Study examining 21 adolescents with ASD and 19 age- and gender-matched healthy controls to identify microbial dysbiosis patterns.","https://www.ebi.ac.uk/ena/browser/view/PRJNA1307773","2026-04-02","ena"
"ENA_Q1","PRJNA1307800","Gut microbiota","","Lactiplantibacillus plantarum ZZU-1 from fermented food effects on gut microbiota in ASD context.","https://www.ebi.ac.uk/ena/browser/view/PRJNA1307800","2026-04-02","ena"
"ENA_Q1","PRJNA1314238","K11 Probiotic Mix","","Probiotic formulation combining lactic acid bacteria, acetic acid bacteria, and yeast strains evaluated in children with ASD.","https://www.ebi.ac.uk/ena/browser/view/PRJNA1314238","2026-04-02","ena"
"ENA_Q1","PRJNA1314996","K11 Probiotic Mix","","Probiotic formulation effects on adaptive behavior, socialization, and gastrointestinal symptoms in ASD.","https://www.ebi.ac.uk/ena/browser/view/PRJNA1314996","2026-04-02","ena"
"ENA_Q1","PRJNA1322369","Human viral metagenome","","Viral metagenome in feces from ASD and healthy children.","https://www.ebi.ac.uk/ena/browser/view/PRJNA1322369","2026-04-02","ena"
"ENA_Q1","PRJNA1327885","Autism-Microbiota","","Compares gut microbiota composition in ASD children and neurotypical siblings from Uruguay via 16S rRNA gene amplicon sequencing.","https://www.ebi.ac.uk/ena/browser/view/PRJNA1327885","2026-04-02","ena"
"ENA_Q1","PRJNA1368445","16s RNA sequencing","","Investigates gut microbiome role in ASD using Chd8 haploinsufficient mice with prebiotic intervention via 16S rRNA gene sequencing.","https://www.ebi.ac.uk/ena/browser/view/PRJNA1368445","2026-04-02","ena"
"ENA_Q1","PRJNA1377943","Dissecting the gut microbiome in multiplex autism spectrum disorder families","","Shotgun metagenomic sequencing of 429 children stool samples across different ASD family types.","https://www.ebi.ac.uk/ena/browser/view/PRJNA1377943","2026-04-02","ena"
"ENA_Q1","PRJNA1393140","Gut microbiota and its association with gastrointestinal symptoms and pharmacological treatments in a sibling-matched cohort with autism spectrum disorder in Uruguay","","Cross-sectional study comparing gut bacteria in 29 ASD children and 29 neurotypical siblings using full-length 16S rRNA V1-V9 Oxford Nanopore sequencing.","https://www.ebi.ac.uk/ena/browser/view/PRJNA1393140","2026-04-02","ena"
"ENA_Q1","PRJNA1406237","Mouse Autism Research","","Mouse autism research with microbiota analysis.","https://www.ebi.ac.uk/ena/browser/view/PRJNA1406237","2026-04-02","ena"
"ENA_Q1","PRJNA1425957","Analysis of microbial diversity and function on ASD gut microbiota","","Longitudinal study of 25 children aged 4-11 with ASD examining microbiome changes following 6 months of probiotic supplementation.","https://www.ebi.ac.uk/ena/browser/view/PRJNA1425957","2026-04-02","ena"
"ENA_Q1","PRJNA1432034","Gut Microbiome Changes Following Antibiotic Treatment in a Maternal Immune Activation Model","mouse gut metagenome","Poly(I:C) MIA model with postnatal antibiotic intervention affecting gut microbiome and behavior.","https://www.ebi.ac.uk/ena/browser/view/PRJNA1432034","2026-04-02","ena"
"ENA_Q1","PRJNA613632","Meningeal gd T cells regulate anxiety like behaviors via Il17a signaling on Neurons (PFC neurons)","Mus musculus","IL-17a signaling in anxiety-related behavior via gut-brain axis in prefrontal cortex neurons.","https://www.ebi.ac.uk/ena/browser/view/PRJNA613632","2026-04-02","ena"
"ENA_Q1","PRJNA613633","Meningeal gd T cells regulate anxiety like behaviors via Il17a signaling on Neurons (DG neurons)","Mus musculus","Dentate gyrus IL-17a receptor effects on anxiety behaviors via gut-brain axis.","https://www.ebi.ac.uk/ena/browser/view/PRJNA613633","2026-04-02","ena"
"ENA_Q1","PRJNA811189","A common epigenetic mechanism across different cellular origins underlies systemic immune dysregulation in an idiopathic autism mouse model","Mus musculus","HDAC1-mediated immune dysregulation in BTBR autism model with gut dysbiosis and hyperactive microglia.","https://www.ebi.ac.uk/ena/browser/view/PRJNA811189","2026-04-02","ena"
"ENA_Q1","PRJNA1258689","Exploring the Role of Gut Microbiota and Metabolomic Changes on Singing in Zebra Finches","gut metagenome","Antibiotic-induced dysbiosis effects on vocal learning in zebra finches with relevance to communication in ASD.","https://www.ebi.ac.uk/ena/browser/view/PRJNA1258689","2026-04-02","ena"
"ENA_Q1","PRJNA697879","MIPP-Seq: Ultra-sensitive rapid detection and validation of low-frequency mosaic mutations","Homo sapiens","Low-cost mutation detection approach using multiplexed amplicons across autism and control brain tissues.","https://www.ebi.ac.uk/ena/browser/view/PRJNA697879","2026-04-02","ena"
"ENA_Q2","PRJEB32974","Targeted next-generation sequencing in children with intellectual disabilities, autism spectrum disorders and multiple congenital abnormalities","Homo sapiens","Targeted NGS panel in children with intellectual disability, ASD and congenital abnormalities.","https://www.ebi.ac.uk/ena/browser/view/PRJEB32974","2026-04-02","ena"
"ENA_Q2","PRJEB63996","CRISPR screening of autism risk genes in brain organoids","","CRISPR screening of autism risk genes in brain organoid model.","https://www.ebi.ac.uk/ena/browser/view/PRJEB63996","2026-04-02","ena"
"ENA_Q2","PRJEB64174","Single-cell CRISPR screening of autism risk genes in brain organoids","","Single-cell CRISPR perturbation screening of autism risk genes in brain organoids.","https://www.ebi.ac.uk/ena/browser/view/PRJEB64174","2026-04-02","ena"
"ENA_Q2","PRJEB57750","Autism Spectrum Disorders","Homo sapiens","Study on autism spectrum disorders.","https://www.ebi.ac.uk/ena/browser/view/PRJEB57750","2026-04-02","ena"
"ENA_Q2","PRJEB44446","Novel candidate genes, including MIS18BP1, for Autism Spectrum Disorders identified by whole-exome sequencing in the Lebanese population","Homo sapiens","WES in Lebanese ASD subjects identifying novel candidate genes including MIS18BP1.","https://www.ebi.ac.uk/ena/browser/view/PRJEB44446","2026-04-02","ena"
"ENA_Q2","PRJEB101865","MTHFR C677T is not associated with autism spectrum disorder in a Mexican cohort","","Association study examining if SNV variant MTHFR C677T is associated with autism spectrum disorder in a Mexican cohort.","https://www.ebi.ac.uk/ena/browser/view/PRJEB101865","2026-04-02","ena"
"ENA_Q2","PRJEB106500","Comprehensive mtDNA variant analysis in Turkish pediatric ASD cohort","","Whole mtDNA analysis of peripheral blood from 95 children with ASD and 95 controls using next-generation sequencing.","https://www.ebi.ac.uk/ena/browser/view/PRJEB106500","2026-04-02","ena"
"ENA_Q2","PRJEB14713","Whole-genome sequencing expands the mutational spectrum of autism with novel genes, causative CNVs and chromosomal rearrangements","Homo sapiens","Whole-genome sequencing of 32 Chinese trios with autism identified de novo mutations, inherited variants, CNVs and structural variants.","https://www.ebi.ac.uk/ena/browser/view/PRJEB14713","2026-04-02","ena"
"ENA_Q2","PRJEB29726","RNA-seq of 36 individuals with autism spectrum disorder","","Deep learning framework to predict splice-altering potential of de novo mutations in 3953 ASD individuals with RNA-seq validation.","https://www.ebi.ac.uk/ena/browser/view/PRJEB29726","2026-04-02","ena"
"ENA_Q2","PRJEB34706","whole genome DNA sequence analysis in patients with autism spectrum disorder and their families","","Whole genome DNA sequence analysis performed as trio in two ASD patients and families with chromosomal translocation carriers.","https://www.ebi.ac.uk/ena/browser/view/PRJEB34706","2026-04-02","ena"
"ENA_Q2","PRJEB43914","Novel candidate genes, including MIS18BP1, for Autism Spectrum Disorders identified by whole-exome sequencing in the Lebanese population","","Whole-exome sequencing in five Lebanese ASD subjects identified novel neurodevelopment genes including MIS18BP1.","https://www.ebi.ac.uk/ena/browser/view/PRJEB43914","2026-04-02","ena"
"ENA_Q2","PRJEB73460","Transcriptome study in Sicilian patients with autism spectrum disease","","Transcriptome study on Sicilian cohort with autism showing involvement of differentially expressed genes in inflammatory mechanisms.","https://www.ebi.ac.uk/ena/browser/view/PRJEB73460","2026-04-02","ena"
"ENA_Q2","PRJEB81859","WES analysis in 122 Children with ASD","Homo sapiens","Combined Array-CGH and WES comprehensive genetic analysis in 122 Children with Essential Autism Spectrum Disorder.","https://www.ebi.ac.uk/ena/browser/view/PRJEB81859","2026-04-02","ena"
"ENA_Q2","PRJEB83709","YTHDF2 and ASD-DM","","Study identified 154 ASD-DM candidate genes including YTHDF2. Zebrafish modeling revealed YTHDF2 gain-of-function results in increased brain size.","https://www.ebi.ac.uk/ena/browser/view/PRJEB83709","2026-04-02","ena"
"ENA_Q2","PRJEB96538","Exploration of homocysteine metabolism and genetics in Autism Spectrum Disorder","Homo sapiens","Investigated MTHFR gene polymorphisms and homocysteine metabolism in Lebanese children with ASD versus controls.","https://www.ebi.ac.uk/ena/browser/view/PRJEB96538","2026-04-02","ena"
"ENA_Q2","PRJEB72103","CHD8 haploinsufficiency alters the developmental trajectories of human excitatory and inhibitory neurons linking autism phenotypes with transient cellular defects","","Combined human cerebral organoids and single cell transcriptomics to define effect of ASD-linked CHD8 mutations on cortical development.","https://www.ebi.ac.uk/ena/browser/view/PRJEB72103","2026-04-02","ena"
"ENA_Q2","PRJNA172039","Sporadic autism exomes reveal a highly interconnected protein network of de novo mutations","Homo sapiens","Exome sequencing in sporadic autism revealing de novo mutation protein network.","https://www.ebi.ac.uk/ena/browser/view/PRJNA172039","2026-04-02","ena"
"ENA_Q2","PRJNA172040","Sporadic autism exomes reveal a highly interconnected protein network of de novo mutations","Homo sapiens","Exome sequencing in sporadic autism (related dataset).","https://www.ebi.ac.uk/ena/browser/view/PRJNA172040","2026-04-02","ena"
"ENA_Q2","PRJNA213481","Genetics of Epilepsy and Cognitive Disorders: Autism Spectrum Disorders Study","Homo sapiens","Genetic study of epilepsy and cognitive disorders including ASD.","https://www.ebi.ac.uk/ena/browser/view/PRJNA213481","2026-04-02","ena"
"ENA_Q2","PRJNA213483","Genetics of Epilepsy and Cognitive Disorders: Autism Spectrum Disorders Study","Homo sapiens","Genetic study of epilepsy and cognitive disorders including ASD (related dataset).","https://www.ebi.ac.uk/ena/browser/view/PRJNA213483","2026-04-02","ena"
"ENA_Q2","PRJNA1036375","Whole Exome Sequencing on a multiplex family of Indian origin","","WES identified mutations at 17p11.2 in siblings with autism from Indian family.","https://www.ebi.ac.uk/ena/browser/view/PRJNA1036375","2026-04-02","ena"
"ENA_Q2","PRJNA1071313","Decoding the genetic landscape of autism spectrum disorder in Indian simplex families by Whole Exome Sequencing","","WES in Indian simplex ASD families to decode genetic landscape.","https://www.ebi.ac.uk/ena/browser/view/PRJNA1071313","2026-04-02","ena"
"ENA_Q2","PRJNA1072259","Decoding the genetic landscape of autism spectrum disorder in Indian simplex families by Whole Exome Sequencing","","WES in Indian simplex ASD families (related dataset).","https://www.ebi.ac.uk/ena/browser/view/PRJNA1072259","2026-04-02","ena"
"ENA_Q2","PRJNA1166212","Genome-wide methylation analysis of post-mortem cerebellum samples supports the role of peroxisomes in autism spectrum disorder","Homo sapiens","Genome-wide methylation in post-mortem cerebellum supporting peroxisome role in ASD.","https://www.ebi.ac.uk/ena/browser/view/PRJNA1166212","2026-04-02","ena"
"ENA_Q2","PRJNA1215382","Optical genome mapping reveals novel structural variations in an autism spectrum disorder cohort","Homo sapiens","Optical genome mapping identifying novel SVs in ASD cohort.","https://www.ebi.ac.uk/ena/browser/view/PRJNA1215382","2026-04-02","ena"
"ENA_Q2","PRJNA1251848","New Clinical Features and a Novel DCDC2 Variant in Neonatal Sclerosing Cholangitis","","Case report with DCDC2-associated neonatal sclerosing cholangitis including autism spectrum disorder.","https://www.ebi.ac.uk/ena/browser/view/PRJNA1251848","2026-04-02","ena"
"ENA_Q2","PRJNA1047123","A novel autism-associated UBLCP1 mutation impacts proteasome regulation/activity","","Novel UBLCP1 mutation in autism affecting proteasome regulation.","https://www.ebi.ac.uk/ena/browser/view/PRJNA1047123","2026-04-02","ena"
"ENA_Q2","PRJDB10614","The Autism-Related Protein CHD8 Contributes to the Stemness and Differentiation of Mouse Hematopoietic Stem Cells","Mus musculus","CHD8 chromatin-remodeling factor study in autism context affecting hematopoietic stem cells.","https://www.ebi.ac.uk/ena/browser/view/PRJDB10614","2026-04-02","ena"
"ENA_Q2","PRJDB10650","Single cell RNA-sequencing analysis of human neural precursor cell (NPC) organoids with reciprocal 1q21.1 copy number variations (CNVs)","Homo sapiens","1q21.1 CNVs associated with autism studied in human ES cell-derived NPC organoids.","https://www.ebi.ac.uk/ena/browser/view/PRJDB10650","2026-04-02","ena"
"ENA_Q2","PRJDB11106","Single cell RNA-sequencing analysis of human neuronal cells derived from isogenic human ES cells with 16p11.2 deletion","Homo sapiens","16p11.2 deletion associated with autism studied in isogenic human ES cell-derived neurons.","https://www.ebi.ac.uk/ena/browser/view/PRJDB11106","2026-04-02","ena"
"ENA_Q2","PRJDB13555","Deletion of autism risk factor Chd8 in postmitotic neurons affects activity-dependent transcriptional responses","Mus musculus","Chd8 ablation in postmitotic neurons reduces neuronal gene expression and attenuates activity-dependent transcriptional responses.","https://www.ebi.ac.uk/ena/browser/view/PRJDB13555","2026-04-02","ena"
"ENA_Q2","PRJDB13598","Autism in a dish: ES cell models of autism with copy number variations reveal cell-type-specific vulnerability","Mus musculus","CRISPR/Cas9 modified mouse ES cell lines as models of ASD-associated CNVs with single-cell RNA sequencing.","https://www.ebi.ac.uk/ena/browser/view/PRJDB13598","2026-04-02","ena"
"ENA_Q2","PRJDB15535","Loss of early induction of CD11c positive microglia in lipopolysaccharide-induced maternal immune activation model","Mus musculus","LPS-induced maternal immune activation model of autism-like behavioral deficits with microglial RNA-seq.","https://www.ebi.ac.uk/ena/browser/view/PRJDB15535","2026-04-02","ena"
"ENA_Q2","PRJDB17034","AUTS2 is required for neuron production in developing cerebral cortex (RNA-seq)","Mus musculus","AUTS2 autism gene study in radial glial cells and intermediate progenitor cells.","https://www.ebi.ac.uk/ena/browser/view/PRJDB17034","2026-04-02","ena"
"ENA_Q2","PRJDB17038","AUTS2 is required for neuron production in developing cerebral cortex (CUT&Tag)","Mus musculus","AUTS2 autism gene CUT&Tag data in intermediate progenitor cells.","https://www.ebi.ac.uk/ena/browser/view/PRJDB17038","2026-04-02","ena"
"ENA_Q2","PRJDB29025","Aging-induced changes in sperm DNA methylation contribute to abnormal social behavior in offspring","Mus musculus","Advanced paternal age as risk factor for autism with sperm DNA methylation changes.","https://www.ebi.ac.uk/ena/browser/view/PRJDB29025","2026-04-02","ena"
"ENA_Q2","PRJDB3558","CHD8 haploinsufficiency results in delayed neurodevelopment and autistic-like phenotypes in mice","Mus musculus","Mice heterozygous for Chd8 mutation manifest macrocephaly and autism-like behavioral characteristics.","https://www.ebi.ac.uk/ena/browser/view/PRJDB3558","2026-04-02","ena"
"ENA_Q2","PRJDB3603","Mice containing a human chromosome 15 (Tc15 mice) model behavioral impairment","Mus musculus","Maternal 15q11-q13 duplications as most common cytogenetic cause of autism modeled in transchromosomic mice.","https://www.ebi.ac.uk/ena/browser/view/PRJDB3603","2026-04-02","ena"
"ENA_Q2","PRJDB4619","Target resequencing of neurodevelopmental-related genes","Homo sapiens","Target resequencing of 32 genes in 562 Japanese patients including 192 autism and 370 schizophrenia.","https://www.ebi.ac.uk/ena/browser/view/PRJDB4619","2026-04-02","ena"
"ENA_Q2","PRJDB5424","Histone modification analysis for ASD model mice with CHD8 mutation","Mus musculus","ChIP-seq of H3K4me3, H3K27me3 and H3K27ac in brain of ASD model mice with CHD8 mutation.","https://www.ebi.ac.uk/ena/browser/view/PRJDB5424","2026-04-02","ena"
"ENA_Q2","PRJDB5629","Hyper-activation of nonsense-mediated mRNA decay in fragile X mental retardation syndrome","Homo sapiens","Fragile X syndrome as most common single-gene cause of intellectual disability associated with autism.","https://www.ebi.ac.uk/ena/browser/view/PRJDB5629","2026-04-02","ena"
"ENA_Q2","PRJDB5953","Whole-brain mRNA expression profiles in autism risk gene hetero KO mouse","Mus musculus","Genome-wide expression analyses in autism risk gene heterozygous KO mouse brain.","https://www.ebi.ac.uk/ena/browser/view/PRJDB5953","2026-04-02","ena"
"ENA_Q2","PRJDB6859","The Autism-Related Protein CHD8 Cooperates with C/EBPb to Regulate Adipogenesis","Mus musculus","CHD8 autism gene role in adipocyte differentiation.","https://www.ebi.ac.uk/ena/browser/view/PRJDB6859","2026-04-02","ena"
"ENA_Q2","PRJDB9533","The Autism-Related Protein SETD5 Controls Neural Cell Proliferation Through Epigenetic Regulation of rDNA Expression","Mus musculus","SETD5 haploinsufficiency implicated in syndromic autism regulating rDNA expression.","https://www.ebi.ac.uk/ena/browser/view/PRJDB9533","2026-04-02","ena"
"ENA_Q2","PRJEB12581","Transgenerational transmission and modification of pathological traits induced by prenatal immune activation","","Poly(I:C) model of prenatal immune activation with transgenerational effects on sociability and fear.","https://www.ebi.ac.uk/ena/browser/view/PRJEB12581","2026-04-02","ena"
"ENA_Q2","PRJEB35773","DLG2 knockout reveals early neurodevelopmental transcriptional programs disrupted in schizophrenia and a wide spectrum of related disorders","","DLG2 neurodevelopmental role with enrichment for autism risk variants.","https://www.ebi.ac.uk/ena/browser/view/PRJEB35773","2026-04-02","ena"
"ENA_Q2","PRJEB35852","DNA-methylation changes in the brain and fixation of alleles between chicken lineages due to the selection on two extremes of a maladaptive behaviour","","DNA-methylation in thalamus related to stress regulation and neurodevelopmental disorders.","https://www.ebi.ac.uk/ena/browser/view/PRJEB35852","2026-04-02","ena"
"ENA_Q2","PRJEB34880","PTEN_loss_in_Murine_Tumours___WES","","PTEN inactivation predisposes to autism-spectrum disorder and cancer.","https://www.ebi.ac.uk/ena/browser/view/PRJEB34880","2026-04-02","ena"
"ENA_Q2","PRJEB36032","PTEN_loss_in_Murine_Tumours___TGS","","PHTS caused by germline PTEN-inactivation associated with autism-spectrum disorder.","https://www.ebi.ac.uk/ena/browser/view/PRJEB36032","2026-04-02","ena"
"ENA_Q2","PRJEB36527","Effect of Tcf7l2 Knockout in the development and identity of Mouse brain Thalamus at embryonic stage E18.5 and P60","","Thalamus affected in autism spectrum disorders studied via Tcf7l2 knockout.","https://www.ebi.ac.uk/ena/browser/view/PRJEB36527","2026-04-02","ena"
"ENA_Q2","PRJEB42907","UNIQUE GENOME VARIANTS IN CONGENITAL NEURODEVELOPMENTAL DISORDERS","","Project detects novel gene mutations causing intellectual disability with links to autism spectrum disorder.","https://www.ebi.ac.uk/ena/browser/view/PRJEB42907","2026-04-02","ena"
"ENA_Q2","PRJEB46128","KMT2D haploinsufficiency in Kabuki Syndrome disrupts neuronal function through transcriptional and chromatin rewiring","","Kabuki Syndrome characterized by intellectual disability and rarely autism with KMT2D mutations.","https://www.ebi.ac.uk/ena/browser/view/PRJEB46128","2026-04-02","ena"
"ENA_Q2","PRJEB46758","Single cell transcriptome analysis of the effect of the 16p11.2 microdeletion on hIPSC derived developing human GABAergic neurons","","16p11.2 microdeletion as genetic risk factor for autism studied in GABAergic neurons.","https://www.ebi.ac.uk/ena/browser/view/PRJEB46758","2026-04-02","ena"
"ENA_Q2","PRJEB63149","RNA Targets and Function of Topoisomerase 3beta in Reducing Stress in Neuronal Physiology","","Top3beta dysregulation implicated in autism affecting long mRNA expression in neurons.","https://www.ebi.ac.uk/ena/browser/view/PRJEB63149","2026-04-02","ena"
"ENA_Q2","PRJEB71500","Capture Hi-C (HiCap) experiments performed on LUHMES cell line","","LUHMES dopaminergic neuron model providing clues into autism and schizophrenia pathology.","https://www.ebi.ac.uk/ena/browser/view/PRJEB71500","2026-04-02","ena"
"ENA_Q2","PRJEB82459","Phenotypic manifestations of a new variant in HDAC4 gene","","Novel HDAC4 mutation implicated in developmental delays and autism spectrum disorders.","https://www.ebi.ac.uk/ena/browser/view/PRJEB82459","2026-04-02","ena"
"ENA_Q2","PRJNA184348","Human lymphoblastoid cell lines: controls vs. patients with autism","Homo sapiens","Gene expression comparison in lymphoblastoid cell lines from autism patients and controls.","https://www.ebi.ac.uk/ena/browser/view/PRJNA184348","2026-04-02","ena"
"ENA_Q2","PRJNA202963","Epigenetic Marks as Peripheral Biomarkers of Autism","Homo sapiens","Epigenetic biomarker study in autism.","https://www.ebi.ac.uk/ena/browser/view/PRJNA202963","2026-04-02","ena"
"ENA_Q2","PRJNA202964","Epigenetic Marks as Peripheral Biomarkers of Autism","Homo sapiens","Epigenetic biomarker study in autism (related dataset).","https://www.ebi.ac.uk/ena/browser/view/PRJNA202964","2026-04-02","ena"
"ENA_Q2","PRJNA203309","RNA-Seq studies of Gene Expression in Cells and Networks in FI and ACC in Autism","Homo sapiens","RNA-Seq of gene expression in frontal insula and anterior cingulate cortex in autism.","https://www.ebi.ac.uk/ena/browser/view/PRJNA203309","2026-04-02","ena"
"ENA_Q2","PRJNA203311","RNA-Seq studies of Gene Expression in Cells and Networks in FI and ACC in Autism","Homo sapiens","RNA-Seq of gene expression in FI and ACC in autism (related dataset).","https://www.ebi.ac.uk/ena/browser/view/PRJNA203311","2026-04-02","ena"
"ENA_Q2","PRJNA1033587","Implications of Prenatal Exposure to Hyperandrogen for Hippocampal Neurodevelopment and Autism-like Behavior in Offspring","Mus musculus","Excessive DHT administration in pregnant mice impaired neuronal development inducing autism-like behaviors.","https://www.ebi.ac.uk/ena/browser/view/PRJNA1033587","2026-04-02","ena"
"ENA_Q2","PRJNA1040287","The deletion of the Williams-Beuren Syndrome critical region dysregulate the expression of miR379-410 miRNA members in human isogenic iNeurons","Homo sapiens","Williams-Beuren Syndrome with hypersociability opposite to autism studied in iNeurons.","https://www.ebi.ac.uk/ena/browser/view/PRJNA1040287","2026-04-02","ena"
"ENA_Q2","PRJNA1053783","Autism genes converge on microtubule biology and RNA-binding proteins during excitatory neurogenesis","Homo sapiens","CROP-Seq of 87 high confidence ASD genes identifying disrupted developmental trajectory.","https://www.ebi.ac.uk/ena/browser/view/PRJNA1053783","2026-04-02","ena"
"ENA_Q2","PRJNA1053832","Single cell RNA sequencing of dentate gyrus of conditional Arid1b deletion mouse","Mus musculus","Autistic behaviors from aberrant activity of quiescent neural stem cells via Arid1b deletion.","https://www.ebi.ac.uk/ena/browser/view/PRJNA1053832","2026-04-02","ena"
"ENA_Q2","PRJNA1053858","CUT&RUN seq of conditional Arid1b deletion mouse","Mus musculus","CUT&RUN data from conditional Arid1b deletion mouse related to autistic behavior.","https://www.ebi.ac.uk/ena/browser/view/PRJNA1053858","2026-04-02","ena"
"ENA_Q2","PRJNA1063574","Mus musculus Raw sequence reads","Mus musculus","Microglial S100A9 role in ASD using BTBR mouse model with social dysfunction studies.","https://www.ebi.ac.uk/ena/browser/view/PRJNA1063574","2026-04-02","ena"
"ENA_Q2","PRJNA1067842","Fecal samples from vlbwi and preterm infants","","Intestinal bacteria in very low birth weight infants related to autism spectrum disorder and cognitive development.","https://www.ebi.ac.uk/ena/browser/view/PRJNA1067842","2026-04-02","ena"
"ENA_Q2","PRJNA1078417","Autism patient derived SHANK2BY29X mutation affects ALDH1A1 negative dopamine neuron development","","SHANK2 mutation in autism affecting dopamine neuron development.","https://www.ebi.ac.uk/ena/browser/view/PRJNA1078417","2026-04-02","ena"
"ENA_Q2","PRJNA1089791","Phenome of families with autism and epilepsy","","Phenomic characterization of families with autism and epilepsy.","https://www.ebi.ac.uk/ena/browser/view/PRJNA1089791","2026-04-02","ena"
"ENA_Q2","PRJNA1182679","SINEUP RNA rescues molecular phenotypes associated with CHD8 suppression in Autism Spectrum Disorder model systems","Homo sapiens","SINEUP RNA therapeutic approach for CHD8-related ASD.","https://www.ebi.ac.uk/ena/browser/view/PRJNA1182679","2026-04-02","ena"
"ENA_Q2","PRJNA1183308","De novo structural variants in autism spectrum disorder disrupt distal regulatory interactions of neuronal genes [Hi-C]","Homo sapiens","Hi-C data showing de novo SVs disrupting regulatory interactions in ASD.","https://www.ebi.ac.uk/ena/browser/view/PRJNA1183308","2026-04-02","ena"
"ENA_Q2","PRJNA1183382","De novo structural variants in autism spectrum disorder disrupt distal regulatory interactions of neuronal genes [RNA-Seq]","Homo sapiens","RNA-Seq validation of SV-disrupted regulatory interactions in ASD.","https://www.ebi.ac.uk/ena/browser/view/PRJNA1183382","2026-04-02","ena"
"ENA_Q2","PRJNA1214277","Cerebellar microglia-derived IL-17A compensates for autism-related deficits [purified cerebellar microglia]","Mus musculus","IL-17A from cerebellar microglia compensating for autism-related deficits.","https://www.ebi.ac.uk/ena/browser/view/PRJNA1214277","2026-04-02","ena"
"ENA_Q2","PRJNA1214348","Cerebellar microglia-derived IL-17A compensates for autism-related deficits [cerebellar crus 1]","Mus musculus","Cerebellar crus 1 IL-17A study in autism-related deficits.","https://www.ebi.ac.uk/ena/browser/view/PRJNA1214348","2026-04-02","ena"
"ENA_Q2","PRJNA1216729","Gestational diabetes (GDM), autism, Neurodevelopment, GABA, Behavior","","Gestational diabetes relationship to autism, neurodevelopment, GABA and behavior.","https://www.ebi.ac.uk/ena/browser/view/PRJNA1216729","2026-04-02","ena"
"ENA_Q2","PRJNA1237697","Targeting Notch Signaling to Restore Neural Development and Behavior in Autism","Mus musculus","Notch signaling as therapeutic target in autism neural development.","https://www.ebi.ac.uk/ena/browser/view/PRJNA1237697","2026-04-02","ena"
"ENA_Q2","PRJNA1237906","Histone H1 Variants Regulate Neurodevelopmental Transcriptional Programs in Autism and Schizophrenia with 16p11.2 CNV","Homo sapiens","Histone H1 variants in 16p11.2 CNV-associated autism and schizophrenia.","https://www.ebi.ac.uk/ena/browser/view/PRJNA1237906","2026-04-02","ena"
"ENA_Q2","PRJNA1246357","AST-001-induced therapeutic effects via miRNA modulation of key genes in Autism Spectrum Disorder (ASD)","","AST-001 therapeutic effects via miRNA modulation in ASD.","https://www.ebi.ac.uk/ena/browser/view/PRJNA1246357","2026-04-02","ena"
"ENA_Q2","PRJNA1277796","Treg Cells Modulate Neuroinflammation and Behavioral Deficits in Autism","","Treg cell modulation of neuroinflammation and behavior in autism models.","https://www.ebi.ac.uk/ena/browser/view/PRJNA1277796","2026-04-02","ena"
"ENA_Q2","PRJNA1280917","Parental preconceptual alpha-cypermethrin exposure alters embryonic brain transcriptomics in mice: implications for autism spectrum disorder","Mus musculus","Pesticide exposure effects on embryonic brain transcriptome with ASD implications.","https://www.ebi.ac.uk/ena/browser/view/PRJNA1280917","2026-04-02","ena"
"ENA_Q2","PRJNA1299431","Elucidating the role of DEAF1 in neurodevelopment and shared molecular pathways in high-risk autism genes using cortical organoids","Homo sapiens","DEAF1 role in neurodevelopment and autism gene pathways in cortical organoids.","https://www.ebi.ac.uk/ena/browser/view/PRJNA1299431","2026-04-02","ena"
"ENA_Q2","PRJNA1304044","CELF2 Deficiency Demonstrates Autism-like Behaviors and Interferes with Late Development of Cortical Neurons in Mice","","CELF2 deficiency producing autism-like behaviors and cortical neuron development defects.","https://www.ebi.ac.uk/ena/browser/view/PRJNA1304044","2026-04-02","ena"
"ENA_Q2","PRJNA1314090","Transcriptional and epigenetic targets of MEF2C in human microglia contribute to cellular functions related to autism risk and age-related disease","","MEF2C transcriptional and epigenetic targets in microglia related to autism risk.","https://www.ebi.ac.uk/ena/browser/view/PRJNA1314090","2026-04-02","ena"
"ENA_Q2","PRJNA1314102","Transcriptional and epigenetic targets of MEF2C in human microglia [ChIP-Seq]","Homo sapiens","ChIP-Seq of MEF2C targets in human microglia related to autism risk.","https://www.ebi.ac.uk/ena/browser/view/PRJNA1314102","2026-04-02","ena"
"ENA_Q2","PRJNA1314104","Transcriptional and epigenetic targets of MEF2C in human microglia [ATAC-Seq]","Homo sapiens","ATAC-Seq of MEF2C targets in human microglia related to autism risk.","https://www.ebi.ac.uk/ena/browser/view/PRJNA1314104","2026-04-02","ena"
"ENA_Q2","PRJNA1314106","Transcriptional and epigenetic targets of MEF2C in human microglia [monocytes]","Homo sapiens","MEF2C targets in human monocytes related to autism risk.","https://www.ebi.ac.uk/ena/browser/view/PRJNA1314106","2026-04-02","ena"
"ENA_Q2","PRJNA1366430","PTEN variant and genetic backgrounds combine to modify cerebellar neuronal differentiation in autism spectrum disorder","Homo sapiens","PTEN variant effects on cerebellar differentiation in ASD.","https://www.ebi.ac.uk/ena/browser/view/PRJNA1366430","2026-04-02","ena"
"ENA_Q2","PRJNA1379528","Fluconazole reverses SHANK3-related autism-like deficits via lipid raft-driven IGF1R activation and prefrontal circuit remodeling","Mus musculus","Fluconazole therapeutic approach for SHANK3-related autism deficits.","https://www.ebi.ac.uk/ena/browser/view/PRJNA1379528","2026-04-02","ena"
"ENA_Q2","PRJNA1405464","Autism-like phenotypes and increased NMDAR2D expression in mice with KDM5B histone lysine demethylase deficiency [CUT&Tag]","Mus musculus","KDM5B deficiency producing autism-like phenotypes with increased NMDAR2D expression.","https://www.ebi.ac.uk/ena/browser/view/PRJNA1405464","2026-04-02","ena"
