dataset_id,source_db,accession,dataset_title,url,linked_publications,publication_title,doi,pmid,paper_verified,country,study_design,n_total,n_asd,n_control,n_other,body_site,assay_type,sequencing_platform,intervention_flag,longitudinal_flag,raw_data_public,release_class,notes
SCR00006,BioProject,PRJDB38329,Construction and Applications of Synthetic Gut Microbiota (PRJCA020304),https://www.ncbi.nlm.nih.gov/bioproject/PRJDB38329,,,,,no,China,case_control,40,20,20,,stool,metagenome,DNBSEQ-T7,no,no,yes,standard,
SCR00007,BioProject,PRJDB38518,Human gut virome (PRJCA034040),https://www.ncbi.nlm.nih.gov/bioproject/PRJDB38518,,,,,no,China,case_control,22,11,11,,stool,metagenome,Illumina MiSeq,no,no,yes,standard,
SCR00013,BioProject,PRJEB15418,Characterization of the gut microbiota associated with ASDs through high-throughput sequencing of the V3V5 region of 16S bacterial rRNA and of the ITS1 region of the fungal rRNA,https://www.ncbi.nlm.nih.gov/bioproject/PRJEB15418,Strati et al. 2017,New evidences on the altered gut microbiota in autism spectrum disorders,10.1186/s40168-017-0242-1,28222761,yes,Italy,case_control,80,40,40,,stool,16S,454 GS FLX+,no,no,yes,standard,"Primary article and PubMed directly confirm Strati et al. 2017 (doi 10.1186/s40168-017-0242-1; PMID 28222761; PMCID PMC5320696) for PRJEB15418. The study used faecal samples from 40 ASD and 40 control children in Italy. The same cohort also generated fungal ITS1 data, but this atlas row was retained as a single dataset record and assay_type_normalized was kept as 16S under the current one-row-per-record rule."
SCR00015,BioProject,PRJEB23052,gut metagenome of ASD,https://www.ncbi.nlm.nih.gov/bioproject/PRJEB23052,Wang et al. 2019,Alterations in Gut Glutamate Metabolism Associated with Changes in Gut Microbiota Composition in Children with Autism Spectrum Disorder,10.1128/mSystems.00321-18,30701194,yes,China,case_control,74,43,31,,stool,shotgun,Illumina HiSeq 4000,no,no,yes,standard,Counts reflect discovery-stage shotgun metagenome cohort from the linked article; validation-stage LC-MS-only participants excluded.
SCR00018,BioProject,PRJEB27306,"Analysis of the intestinal and oropharyngeal microbiome, nutritional and immunological profile of children with Autism Spectrum Disorder (ASD) compared with children without",https://www.ncbi.nlm.nih.gov/bioproject/PRJEB27306,Zurita et al. 2020,"Analysis of gut microbiome, nutrition and immune status in autism spectrum disorder: a case-control study in Ecuador",10.1080/19490976.2019.1662260,31530087,yes,Ecuador,case_control,60,25,35,,stool,16S,Illumina MiSeq,no,no,yes,standard,"Primary article reports 25 ASD and 35 controls; ENA deposition contains 58 stool runs, so cohort counts are taken from the article while assay/platform/body-site are confirmed from ENA metadata."
SCR00020,BioProject,PRJEB29421,Gut Microbiota Features in Young Children with Autism Spectrum Disorders,https://www.ncbi.nlm.nih.gov/bioproject/PRJEB29421,Coretti et al. 2018,Gut Microbiota Features in Young Children With Autism Spectrum Disorders,10.3389/fmicb.2018.03146,30619212,yes,Italy,case_control,25,11,14,,stool,16S,Illumina MiSeq,no,no,yes,standard,
SCR00024,BioProject,PRJEB42687,ASD Colorado Longitudinal,https://www.ncbi.nlm.nih.gov/bioproject/PRJEB42687,Fouquier et al. 2021,The Gut Microbiome in Autism: Study-Site Effects and Longitudinal Analysis of Behavior Change,10.1128/mSystems.00848-20,33824197,yes,United States,case_control,29,13,16,,stool,16S,Illumina MiSeq,no,yes,yes,standard,"PRJEB42687 contains the Colorado cohort only (13 ASD, 16 controls) with repeated stool sampling; the linked article also includes an Arizona cross-sectional cohort not deposited under this accession."
SCR00026,BioProject,PRJEB45948,the fecal microflora of Korean children with ASD,https://www.ncbi.nlm.nih.gov/bioproject/PRJEB45948,Ha et al. 2021,Altered Gut Microbiota in Korean Children with Autism Spectrum Disorders,10.3390/nu13103300,34684301,yes,South Korea,case_control,92,54,38,,stool,16S,Illumina MiSeq,no,no,yes,standard,"The article reports 54 ASD and 39 typically developing children recruited, with one TDC sample excluded after DNA quality control; ENA contains the final analyzed 54 ASD and 38 TDC samples."
SCR00040,BioProject,PRJNA1018910,Therapeutic efficacy of Sulforaphane in autism spectrum disorders and its association with gut microbiota: animal model and human longitudinal studies,https://www.ncbi.nlm.nih.gov/bioproject/PRJNA1018910,Yang et al. 2024,Therapeutic efficacy of sulforaphane in autism spectrum disorders and its association with gut microbiota: animal model and human longitudinal studies,10.3389/fnut.2023.1294057,38260076,yes,China,intervention,17,6,11,,stool,16S,Illumina MiSeq,yes,yes,yes,standard,"Human arm includes 11 age-matched healthy controls and 6 ASD boys in Changsha, China. PRJNA1018910 contains 23 stool samples because the 6 ASD participants were sampled at baseline and again after 12 weeks of sulforaphane treatment."
SCR00041,BioProject,PRJNA1022510,Bacteroides is increased in an autism cohort and induces autismrelevant behavioral changes in mice in a sex-dependent manner,https://www.ncbi.nlm.nih.gov/bioproject/PRJNA1022510,Carmel et al. 2023,Bacteroides is increased in an autism cohort and induces autism-relevant behavioral changes in mice in a sex-dependent manner,10.1038/s41522-023-00469-2,38110423,yes,Israel,case_control,138,96,42,,stool,16S,Illumina MiSeq,no,no,yes,standard,Human cohort metadata are taken from the primary article and mirrored on GEO GSE244391 linked to PRJNA1022510; mouse experiments in the paper are excluded from n_asd/n_control because this record represents the human fecal cohort only.
SCR00044,BioProject,PRJNA1046003,Microbiome AI decision-making: Autism Spectrum Disorder in children from Bosnia and Herzegovina,https://www.ncbi.nlm.nih.gov/bioproject/PRJNA1046003,Basic-Cicak et al. 2024,Utilizing Artificial Intelligence for Microbiome Decision-Making: Autism Spectrum Disorder in Children from Bosnia and Herzegovina,10.3390/diagnostics14222536,39594202,yes,Bosnia and Herzegovina,case_control,60,44,16,,stool,16S,Illumina MiSeq,no,no,yes,standard,"Primary cohort includes 44 ASD and 16 neurotypical children from Bosnia and Herzegovina; the linked paper also used an external Italian validation dataset, but n_asd/n_control here are restricted to the PRJNA1046003 cohort only."
SCR00045,BioProject,PRJNA1046699,Homo sapiens Raw sequence reads,https://www.ncbi.nlm.nih.gov/bioproject/PRJNA1046699,Wang et al. 2025,Gut microbial GABA imbalance emerges as a metabolic signature in mild autism spectrum disorder linked to overrepresented Escherichia,10.1016/j.xcrm.2024.101919,39809266,yes,China,case_control,105,50,55,,stool,16S,Illumina HiSeq 2500,no,no,yes,standard,"PRJNA1046699 corresponds to the 16S screening-cohort subset described on the BioProject page as 50 ASD versus 55 TD fecal samples from Shanxi, China. Sample-level SRA XML confirms A-alias samples are ASD and B-alias samples are TD, while SRA library_strategy is tagged as WGS despite experiment titles and BioProject abstract explicitly describing 16S rRNA sequencing."
SCR00046,BioProject,PRJNA1047541,Gut microbiota of children with ASD,https://www.ncbi.nlm.nih.gov/bioproject/PRJNA1047541,Li et al. 2024,Effects and microbiota changes following oral lyophilized fecal microbiota transplantation in children with autism spectrum disorder,10.3389/fped.2024.1369823,38783921,yes,China,intervention,68,38,30,,stool,16S,Illumina MiSeq,yes,yes,yes,standard,"The primary article enrolled 38 ASD participants and 30 healthy controls in Shanghai, with repeated ASD stool sampling at weeks 0, 12, and 20 after oral lyophilized FMT. The article also generated fungal ITS data, but the public accession metadata currently expose a 16S amplicon subset with aliases A1_16s-A10_16s on Illumina MiSeq, so assay_type is normalized here to 16S."
SCR00048,BioProject,PRJNA1057995,Analysis of the gut virome in children with autism,https://www.ncbi.nlm.nih.gov/bioproject/PRJNA1057995,Qu et al. 2023,Children with autism show differences in the gut DNA virome compared to non-autistic children: a case control study,10.1186/s12887-023-03981-8,37060094,yes,China,case_control,23,11,12,,stool,metagenome,Illumina NovaSeq 6000,no,no,yes,standard,"The study recruited 13 two-child Han Chinese families and collected 26 stool specimens, but 3 samples failed DNA-band QC; the final analyzed virome cohort comprised 11 ASD children and 12 healthy sibling controls. Controls are siblings rather than unrelated neurotypical children."
SCR00050,BioProject,PRJNA1077343,Homo sapiens Raw sequence reads,https://www.ncbi.nlm.nih.gov/bioproject/PRJNA1077343,,,,,no,Saudi Arabia,case_control,23,12,11,,stool,16S,Illumina MiSeq,no,no,yes,standard,"No PubMed link or linked publication is present on the public BioProject PRJNA1077343 page or in bioproject-to-pubmed linkage, so publication fields were intentionally left blank. This row is therefore treated as a repository-only case-control dataset rather than a paper-verified publication row. Direct BioProject and SRA metadata support a coherent accession-level profile: 12 ASD and 11 control stool samples (n_total = 23), 16S rRNA gene sequencing, paired-end layout, and Illumina MiSeq platform. A candidate Saudi Arabia paper identified during QC (PMID 39328398; PMCID PMC11425773; doi 10.3892/etm.2024.12719) was not adopted because it reports only 4 ASD and 4 healthy sibling controls analyzed by whole-genome shotgun metagenomics and does not directly cite PRJNA1077343 in the verified source pages. The row was therefore retained on repository evidence alone, without forcing an unsupported publication link."
SCR00054,BioProject,PRJNA1088255,Mapping the Geographical Distribution of the Mucosa-Associated Gut Microbiome in GI-Symptomatic Children with Autism,https://www.ncbi.nlm.nih.gov/bioproject/PRJNA1088255,Reeves et al. 2024,Mapping the geographical distribution of the mucosa-associated gut microbiome in GI-symptomatic children with autism spectrum disorder,10.1152/ajpgi.00101.2024,38887795,yes,United States,case_control,18,9,9,,gut,16S,NextSeq 1000,no,no,yes,standard,"BioProject and article describe mucosa-associated GI biopsies from antrum, duodenum, ileum, ascending colon, and rectum. Participant counts are derived from repository metadata: 18 unique subject IDs with 5 sites each, including 9 TX subjects annotated with host_disease autistic disorder and 9 EVV subjects without autistic-disease annotation, consistent with article wording that ASD children were compared with age-matched typically developing children."
SCR00055,BioProject,PRJNA1090096,ASD and Microbiota,https://www.ncbi.nlm.nih.gov/bioproject/PRJNA1090096,Gerges et al. 2024,Turicibacter and Catenibacterium as potential biomarkers in autism spectrum disorders,10.1038/s41598-024-73700-5,39369020,yes,Lebanon,case_control,69,23,23,23,stool,16S,Illumina MiSeq,no,no,yes,standard,"The article includes 3 human groups: 23 ASD subjects, 23 unaffected siblings, and 23 unrelated healthy controls. n_control is assigned to the unrelated control arm and n_other to the sibling arm. Repository metadata and article both indicate stool 16S sequencing, although SRA library_strategy is mislabeled as RNA-Seq."
SCR00059,BioProject,PRJNA1103839,Gut microbiota Autism espectrum disorder and neurotypical children,https://www.ncbi.nlm.nih.gov/bioproject/PRJNA1103839,De Sales-Millán et al. 2024,Comprehensive Analysis of Gut Microbiota Composition and Functional Metabolism in Children with Autism Spectrum Disorder and Neurotypical Children: Implications for Sex-Based Differences and Metabolic Dysregulation,10.3390/ijms25126701,38928411,yes,Mexico,case_control,61,30,31,,stool,16S,Illumina MiSeq,no,no,yes,standard,"Article and repository are concordant on cohort size and stool 16S design. PRJNA1103839 contains 30 TEA/ASD samples and 31 Control/NT samples from Mexico City. BioProject-to-PubMed elink is empty, but the article data-availability section explicitly cites PRJNA1103839."
SCR00062,BioProject,PRJNA1121380,Colombian Children gut microbiota,https://www.ncbi.nlm.nih.gov/bioproject/PRJNA1121380,Bauer Estrada et al. 2025,Synbiotics of encapsulated Limosilactobacillus fermentum K73 promotes in vitro favorable gut microbiota shifts and enhances short-chain fatty acid production in fecal samples of children with autism spectrum disorder,10.1016/j.foodres.2025.116227,40253179,yes,Colombia,case_control,24,6,18,,stool,16S,Illumina NovaSeq 6000,no,no,yes,standard,"Accession-level sample inventory contains 6 ASD samples (A01-A06) and 18 neurotypical controls (TD01-TD18) from Bogota, Colombia. BioProject explicitly describes an ASD-versus-neurotypical comparison. A linked preprint using PRJNA1121380 reports 7 ASD and 18 NT donors, and the Food Research International article describes a broader donor pool with selected subsets for in vitro fermentation; therefore participant counts here are taken from the public accession rather than from the downstream articles."
SCR00066,BioProject,PRJNA1141738,Metagenomics of fecal microbiota in children with ASD,https://www.ncbi.nlm.nih.gov/bioproject/PRJNA1141738,Shao et al. 2024,Gut microbial 'TNFα-sphingolipids-steroid hormones' axis in children with autism spectrum disorder: an insight from meta-omics analysis,10.1186/s12967-024-05973-3,39741321,yes,China,case_control,52,26,26,,stool,metagenome,Illumina HiSeq 4000,no,no,yes,standard,"Article and repository are concordant on cohort size and stool metagenome design. J Transl Med reports 26 ASD and 26 age- and sex-matched neurotypical controls recruited from Lishui Second People's Hospital, Zhejiang, China. SRA study SRP523008 / PRJNA1141738 contains A.1-A.26 and B.1-B.26 with LibrarySource=METAGENOMIC on Illumina HiSeq 4000."
SCR00071,BioProject,PRJNA1207206,Gut microbiota diversity and composition in children with autism spectrum disorder,https://www.ncbi.nlm.nih.gov/bioproject/PRJNA1207206,Zeng et al. 2025,Gut microbiota diversity and composition in children with autism spectrum disorder: associations with symptom severity,10.7717/peerj.19528,40492208,yes,China,case_control,46,30,16,,stool,16S,Illumina MiSeq,no,no,yes,standard,"Article and accession both describe a stool cohort from Putian, China. PRJNA1207206 / SRP555640 includes 92 runs for 46 participants because each subject has both 16S and ITS amplicon data; unique RunInfo subject IDs resolve to 16 H_* neurotypical controls and 30 C_* ASD children. Sample titles show healthy vs ASD severity labels, so n_asd/n_control are participant counts, not run counts."
SCR00072,BioProject,PRJNA1222609,Comprehensive analysis of gut microbiota and fecal metabolites in patients with autism spectrum disorder,https://www.ncbi.nlm.nih.gov/bioproject/PRJNA1222609,Zheng et al. 2025,Comprehensive analysis of gut microbiota and fecal metabolites in patients with autism spectrum disorder,10.3389/fmicb.2025.1557174,40351314,yes,China,case_control,52,34,18,,stool,16S,PacBio Sequel,no,no,yes,standard,"Primary article reports 34 ASD and 18 healthy controls recruited at the Fifth Affiliated Hospital of Zhengzhou University, Zhengzhou, China, with fresh fecal samples and long-read 16S plus fecal metabolomics. A 2026 Frontiers correction (doi 10.3389/fmicb.2026.1812620; PMID 42022126; PMCID PMC13096826) explicitly states that Nanopore MinION was mistakenly reported in the original paper and corrects the sequencing platform to PacBio Sequel II. Public SRA accession PRJNA1222609 exposes 52 amplicon runs with PACBIO_SMRT/Sequel labels, single-end layout, and .ccs files, which is consistent with the corrected article at the platform-family level. sequencing_platform was therefore retained as the repository-normalized PacBio Sequel value and library_layout was kept as single from SRA metadata."
SCR00077,BioProject,PRJNA1273336,Gut Microbiota Characteristics and the Efficacy of Fecal Microbiota Transplantation in Children with Autism Spectrum Disorder in Central China: A Cross-sectional and Prospective Combined Study,https://www.ncbi.nlm.nih.gov/bioproject/PRJNA1273336,Wu et al. 2025,Gut microbiota characteristics and therapeutic effects of fecal microbiota transplantation in children with autism spectrum disorder in central China: a combined cross-sectional and prospective study,10.3389/fped.2025.1648471,40963960,yes,China,intervention,99,48,51,,stool,16S,Illumina MiSeq,yes,yes,yes,standard,"The linked article combines a baseline cross-sectional ASD vs HC comparison with a prospective FMT arm. Participant counts were recorded from the baseline cohort in the article and study abstract: 48 ASD and 51 healthy controls, with 25 ASD participants entering FMT. Accession PRJNA1273336 contains 123 amplicon samples because it includes baseline HC and repeated ASD fecal samples (pre-FMT and 3-month post-FMT) under the same study."
SCR00081,BioProject,PRJNA1277165,Gut Microbiota and Urine Metabolomics Signature in Autism Spectrum Disorder children from Southern China,https://www.ncbi.nlm.nih.gov/bioproject/PRJNA1277165,Huang et al. 2025,Gut microbiota and urine metabolomics signature in autism spectrum disorder children from Southern China,10.1186/s12887-025-05922-z,40797237,yes,China,case_control,88,58,30,,stool,16S,Illumina NovaSeq 6000,no,no,yes,standard,"Primary article and repository are concordant on cohort size: 58 ASD children and 30 healthy controls from Guangxi/Nanning, China. The article states fecal and urine samples were collected; only the gut microbiota 16S arm is represented in this extraction row. Repository sample aliases ASD01-ASD58 and CON01-CON30 match the article counts exactly."
SCR00082,BioProject,PRJNA1280289,Gut Microbiota Composition and Phylogenetic Analysis in Autism Spectrum Disorder: A Comparative Study,https://www.ncbi.nlm.nih.gov/bioproject/PRJNA1280289,Xiang et al. 2025,Gut microbiota composition and phylogenetic analysis in autism spectrum disorder: a comparative study,10.3389/fpsyt.2025.1609638,40666436,yes,China,case_control,71,38,33,,stool,16S,Illumina MiSeq,no,no,yes,standard,"Primary article and PubMed abstract consistently report 38 ASD children and 33 age-matched Control fecal samples analyzed by 16S rRNA sequencing on Illumina MiSeq (V3-V4 region). Public SRA accession PRJNA1280289 contains 76 paired-end amplicon libraries labeled A1-A78 (missing A10 and A34) without explicit ASD/control annotation; however, the article methods state that negative control, mock-community runs, and technical replicates were also sequenced, which plausibly explains extra non-participant libraries. Participant counts were therefore retained from the linked primary article, while library_layout and platform were recorded from repository metadata."
SCR00086,BioProject,PRJNA1307773,Metagenomic data on adolescents with autism spectrum disorder,https://www.ncbi.nlm.nih.gov/bioproject/PRJNA1307773,,,,,no,China,case_control,40,21,19,,gut,metagenome,,no,no,no,standard,"Public BioProject metadata explicitly states 21 adolescents with ASD and 19 age- and gender-matched healthy controls and describes the study as metagenomic data intended to decipher gut microbial dysbiosis and dysfunctions in adolescents with ASD. BioProject XML and Entrez summary confirm a metagenome / whole-capture project, while current NCBI linkouts expose no linked publication, no PubMed record, no BioSample list, no public SRA runs, and no retrievable run-level metadata. country was recorded as China by inference from the submitter institution (Institute of Urban Environment, Chinese Academy of Sciences, Xiamen, China), not from sample-level geographic metadata. sequencing_platform and library_layout remain blank because no public sequence-level record is exposed. This row is therefore treated as a reviewed metadata-only human ASD/control repository record, not a paper-verified sequencing row."
SCR00088,BioProject,PRJNA1322369,Human viral metagenome,https://www.ncbi.nlm.nih.gov/bioproject/PRJNA1322369,Yuan et al. 2025,Comparison of gut viral communities between autism spectrum disorder and healthy children,10.3389/fcimb.2025.1660970,41163852,yes,China,case_control,22,11,11,,stool,metagenome,Illumina MiSeq,no,no,yes,standard,"Primary article and accession both describe a fecal virome case-control cohort from Zhenjiang, Jiangsu, China with 11 ASD and 11 healthy children. Run/sample metadata map Humanfe* libraries to ASD children and Fe* libraries to healthy children. The article text reports next-generation sequencing on the Illumina NovaSeq platform, but the deposited SRA runs are labeled Illumina MiSeq; sequencing_platform was recorded from repository metadata and the discrepancy should be retained."
SCR00089,BioProject,PRJNA1327885,Autism-Microbiota,https://www.ncbi.nlm.nih.gov/bioproject/PRJNA1327885,Penalba et al. 2026,Gut microbiota and its association with gastrointestinal symptoms and pharmacological treatments in a sibling-matched cohort with autism spectrum disorder,10.3389/frmbi.2026.1777385,41952964,yes,Uruguay,cross_sectional,58,29,29,,stool,16S,Oxford Nanopore GridION,no,no,yes,standard,"Primary article describes a sibling-matched cross-sectional fecal microbiome study in Uruguay with 29 children with ASD and 29 neurotypical siblings living in the same household. The article reports full-length 16S rRNA V1-V9 sequencing with R10.4.1 Oxford Nanopore chemistry, and Methods specify sequencing on a Gridion platform. Public run metadata confirm AMPLICON libraries on OXFORD_NANOPORE / GridION, but mislabel ScientificName as soil metagenome. The public accession currently exposes 54 runs/sample records and includes a Controlneg sample, whereas the article-level cohort is 58 participants and Methods mention 60 extracted samples; participant counts were therefore taken from the primary article."
SCR00092,BioProject,PRJNA1377943,Dissecting the gut microbiome in multiplex autism spectrum disorder families,https://www.ncbi.nlm.nih.gov/bioproject/PRJNA1377943,Lu et al. 2026,Gut microbiome composition and strain-sharing in multiplex autism spectrum disorder families,10.1038/s41467-026-70142-7,41748585,yes,Hong Kong,cross_sectional,429,242,133,54,stool,metagenome,Illumina NovaSeq 6000,no,no,yes,standard,"Primary article reports a cross-sectional human fecal metagenome cohort of 429 children: 75 ASD from multiplex families, 50 ASD from simplex families, 117 only-child ASD, 54 healthy siblings, and 133 typically developing controls. BioProject PRJNA1377943 and the linked PDF independently state that shotgun metagenomic sequencing was performed on all 429 stool samples. Public NCBI repository exposure currently shows 423 BioSample records and 380 SRA experiments/runs, while the article explicitly notes that participant metadata cannot be fully released publicly because of consent/privacy restrictions. Therefore, n_asd, n_control, n_other, and n_total were retained from the primary article, whereas country, body site, assay type, sequencing platform, and library_layout were confirmed from repository metadata. This row is treated as a reviewed paper-anchored cohort record rather than a repository-count-derived accession summary."
SCR00093,BioProject,PRJNA1393140,Gut microbiota and its association with gastrointestinal symptoms and pharmacological treatments in a sibling-matched cohort with autism spectrum disorder in Uruguay,https://www.ncbi.nlm.nih.gov/bioproject/PRJNA1393140,Penalba et al. 2026,Gut microbiota and its association with gastrointestinal symptoms and pharmacological treatments in a sibling-matched cohort with autism spectrum disorder,10.3389/frmbi.2026.1777385,41952964,yes,Uruguay,cross_sectional,58,29,29,,stool,16S,Oxford Nanopore GridION,no,no,yes,standard,"BioProject title and description exactly match the published Uruguay sibling-matched cohort with 29 children with ASD and 29 neurotypical siblings living in the same household. This accession is a later public release of the same study and currently exposes 58 human gut metagenome runs on OXFORD_NANOPORE / GridION, aligning with the article's full-length 16S rRNA V1-V9 stool design. PubMed links are not embedded on the BioProject page, so the linked publication was assigned by exact title match and identical cohort description across the BioProject and primary article."
SCR00100,BioProject,PRJNA168470,Human Intestinal Microbial Ecology and its Relationship to Autism,https://www.ncbi.nlm.nih.gov/bioproject/PRJNA168470,Kang et al. 2013,Reduced incidence of Prevotella and other fermenters in intestinal microflora of autistic children,10.1371/journal.pone.0068322,23844187,yes,United States,case_control,39,19,20,,stool,16S,454 GS FLX Titanium,no,no,yes,standard,"Primary article recruited 20 neurotypical and 20 autistic children in a United States study run through Arizona State University and sequenced fecal DNA using 16S rRNA V2-V3 pyrosequencing. The paper states that one autistic outlier with very low sequence count and diversity was removed before downstream microbiome analyses; figures and heatmaps therefore reflect 39 analyzed subjects (A01-A19 and N01-N20), while the public accession still contains 40 runs including A-excl. n_asd and n_control were recorded from the analyzed dataset. Repository metadata confirm a stool amplicon dataset on 454 GS FLX Titanium, although one control run (N11) is anomalously labeled METATRANSCRIPTOMIC in LibrarySource."
SCR00103,BioProject,PRJNA282013,Autism Gut targeted loci,https://www.ncbi.nlm.nih.gov/bioproject/PRJNA282013,Son et al. 2015,Comparison of Fecal Microbiota in Children with Autism Spectrum Disorders and Neurotypical Siblings in the Simons Simplex Collection,10.1371/journal.pone.0137725,26427004,yes,United States,case_control,103,59,44,,stool,16S,Illumina MiSeq,no,no,yes,standard,"BioProject metadata directly link to the primary PLOS ONE article comparing fecal microbiota in children with ASD and their neurotypical siblings from the Simons Simplex Collection in the United States. The article reports 59 ASD children and 44 neurotypical siblings, and repository sample aliases encode affected and unaffected sibling status within simplex families. Stool-based 16S rRNA sequencing of the V1-V2 and V1-V3 regions was performed on Illumina MiSeq. The public accession currently exposes 103 sample/run records, which matches the participant-level total reported in the article."
SCR00106,BioProject,PRJNA355023,Gut microbial dysbiosis in Indian children with Autistic spectrum disorders,https://www.ncbi.nlm.nih.gov/bioproject/PRJNA355023,Pulikkan et al. 2018,Gut Microbial Dysbiosis in Indian Children with Autism Spectrum Disorders,10.1007/s00248-018-1176-2,29564487,yes,India,case_control,54,30,24,,stool,16S,NextSeq 500,no,no,yes,standard,"Primary article compares fecal microbiota in 30 Indian children with ASD and 24 family-matched healthy children. BioProject metadata describe the same Indian ASD gut dysbiosis cohort, and public run metadata confirm paired-end amplicon sequencing on Illumina NextSeq 500. The article identifies the assay as 16S rRNA gene amplicon sequencing, and the current accession exposes 54 runs, consistent with the 30 ASD plus 24 control participants reported in the paper."
SCR00109,BioProject,PRJNA362687,Oral microbial changes in ASD children,https://www.ncbi.nlm.nih.gov/bioproject/PRJNA362687,Qiao et al. 2018,Alterations of oral microbiota distinguish children with autism spectrum disorders from healthy controls,10.1038/s41598-018-19982-y,29371629,yes,China,case_control,59,32,27,,oral,16S,Illumina MiSeq,no,no,yes,standard,"The primary Scientific Reports article describes an oral microbiome case-control study in Shanghai, China, including 32 children with ASD and 27 age- and gender-matched healthy controls. The study collected two oral habitats per participant, saliva and dental plaque, generating 111 oral samples in total; participant counts rather than sample counts were recorded in n_asd and n_control. Public run metadata confirm paired-end Illumina MiSeq amplicon sequencing of the V3-V4 region, and sample aliases/descriptions distinguish ASD and healthy oral specimens, but repository country fields are missing, so country was taken from the primary article."
SCR00113,BioProject,PRJNA451479,Metagenomic sequencing of gut microbiota associated with autism spectrum disorders patients,https://www.ncbi.nlm.nih.gov/bioproject/PRJNA451479,Dan et al. 2020,Altered gut microbial profile is associated with abnormal metabolism activity of Autism Spectrum Disorder,10.1080/19490976.2020.1747329,32312186,yes,China,case_control,60,30,30,,stool,metagenome,HiSeq X Ten,no,no,yes,standard,"BioProject and GEO series GSE113540 describe a fecal shotgun metagenomic case-control dataset from China with 30 ASD children and 30 healthy controls. The linked primary paper first profiled a larger 16S cohort of 143 children, then selected 30 constipation-associated ASD cases and 30 age-matched typically developing controls for metagenomic sequencing; these 60 fecal samples correspond to PRJNA451479. Public run metadata confirm paired-end Illumina HiSeq X Ten sequencing of feces metagenome samples, although LibraryStrategy is generically labeled OTHER in SRA. A second PubMed-linked paper (PMID 33412999) reuses part of this cohort for host genetic integration, but the accession description and sample count align most directly with Dan et al. 2020."
SCR00114,BioProject,PRJNA453621,Gut microbiota analysis associated with autism spectrum disorders [16S rRNA],https://www.ncbi.nlm.nih.gov/bioproject/PRJNA453621,Dan et al. 2020,Altered gut microbial profile is associated with abnormal metabolism activity of Autism Spectrum Disorder,10.1080/19490976.2020.1747329,32312186,yes,China,case_control,286,143,143,,stool,16S,Illumina HiSeq 2500,no,no,yes,standard,"BioProject PRJNA453621 and GEO GSE113690 correspond to the 16S rRNA branch of the Chinese ASD gut microbiome cohort described in Dan et al. 2020. GEO and BioProject explicitly report 143 ASD patients and 143 healthy controls with fecal samples, and the linked paper confirms these counts in participant characteristics. Public SRA/GEO metadata confirm single-end/single-library 16S amplicon sequencing on Illumina HiSeq 2500, although SRA labels LibraryStrategy generically as OTHER rather than 16S/AMPLICON. This accession is the larger 16S dataset, whereas the same paper also contains a smaller 60-sample shotgun subset deposited separately as PRJNA451479."
SCR00116,BioProject,PRJNA453894,Bacteria Raw sequence reads,https://www.ncbi.nlm.nih.gov/bioproject/PRJNA453894,Li et al. 2019,Correlation of Gut Microbiome Between ASD Children and Mothers and Potential Biomarkers for Risk Assessment,10.1016/j.gpb.2019.01.002,31026579,yes,China,case_control,178,59,30,89,stool,16S,Illumina HiSeq 2500,no,no,yes,standard,"Primary article studies stool 16S profiles in four groups from China: ASD children, mothers of ASD children, healthy children, and mothers of healthy children. PubMed and the full article specify 59 mother-child pairs of ASD children and 30 matched mother-child pairs of healthy children, so n_asd and n_control were recorded at the child level and n_other was used for the 89 mothers. The article explicitly states that sequencing data were deposited under PRJNA453894 and were generated on an Illumina HiSeq sequencer. Public repository metadata currently expose only two pooled HiSeq 2500 amplicon runs on a single BioSample representing the four groups, so participant counts were taken from the primary article rather than from run count."
SCR00118,BioProject,PRJNA516054,Whole metagenomic analysis of the enteric microbiota in children with autism spectrum disorder: the search for marker genes compositions,https://www.ncbi.nlm.nih.gov/bioproject/PRJNA516054,,,,,no,Russia,case_control,78,55,23,,stool,metagenome,Illumina HiSeq 2500; Illumina HiSeq 4000; Illumina NovaSeq 6000; Illumina MiSeq,no,no,yes,standard,"BioProject PRJNA516054 has no direct PubMed linkage and appears to aggregate three Moscow, Russia stool/feces series from the same ASD microbiome program. Public ENA sample records expose 78 unique fecal biosamples from Russia: Moscow and support an accession-level split of 55 ASD samples (AC_1-AC_55) and 23 control samples (HC_1-HC_23). Public SRA exposes 98 paired-end runs because 20 DA-series biosamples were sequenced both as whole metagenome on Illumina HiSeq 2500 and as 16S amplicons on Illumina MiSeq, while additional whole-metagenome subsets were generated on Illumina HiSeq 4000 and NovaSeq 6000. BioProject title, grant framing, and intended data type explicitly describe whole metagenomic analysis, so assay_type_normalized was retained as metagenome while sequencing_platform remains multi-platform. No single accession-wide primary article or PubMed link was identified; this row is therefore treated as a reviewed aggregated repository record rather than a paper-verified single-study row."
SCR00119,BioProject,PRJNA518756,"Potential Associations Among Alteration of Salivary miRNAs, Saliva Microbiome Structure, and Cognitive Impairments in Autistic Children",https://www.ncbi.nlm.nih.gov/bioproject/PRJNA518756,Ragusa et al. 2020,"Potential Associations Among Alteration of Salivary miRNAs, Saliva Microbiome Structure, and Cognitive Impairments in Autistic Children",10.3390/ijms21176203,32867322,yes,Italy,case_control,80,53,27,,oral,16S,Illumina MiSeq,no,no,yes,standard,"The primary IJMS article reports combined salivary miRNA and saliva microbiome profiling in 53 ASD and 27 neurologically unaffected control children from Catania, Italy. BioProject PRJNA518756 embeds the exact article DOI and title, and repository metadata confirm human saliva metagenome amplicon sequencing on Illumina MiSeq. However, the currently exposed public SRA/ENA records include only 27 control saliva runs (H1-Sal to H40-Sal subset) rather than the full 80-subject case-control cohort described in the paper. For this reason, n_asd and n_control were extracted from the primary article, while country, oral body site, assay type, and sequencing platform were confirmed from repository pages."
SCR00122,BioProject,PRJNA529598,Microbiota Transfer Therapy alters gut ecosystem and improves gastrointestinal and autism symptoms: an open-label study,https://www.ncbi.nlm.nih.gov/bioproject/PRJNA529598,Kang et al. 2017,Microbiota Transfer Therapy alters gut ecosystem and improves gastrointestinal and autism symptoms: an open-label study,10.1186/s40168-016-0225-7,28122648,yes,United States,intervention,38,18,20,,stool,16S,Illumina MiSeq,yes,yes,yes,standard,"BioProject PRJNA529598 directly links to the initial Microbiota Transfer Therapy article (Kang et al. 2017) and describes the accession as containing the original 18-week ASD treatment study plus a follow-up sampling event approximately two years after fecal microbiota transfer. The primary article reports an open-label intervention cohort of 18 children with ASD and moderate-to-severe gastrointestinal symptoms, and explicitly states that 20 age- and gender-matched neurotypical children without GI disorders were recruited as controls for microbiome comparison. Public SRA RunInfo for this accession shows 484 AMPLICON paired-end runs on Illumina MiSeq, reflecting repeated longitudinal stool sampling rather than participant counts. Therefore n_asd and n_control were extracted from the primary article, while stool body site, 16S assay type, and Illumina MiSeq platform were confirmed from repository metadata."
SCR00126,BioProject,PRJNA559058,The oral microbiome of ASD mother-child pairs and healthy mother-child pairs,https://www.ncbi.nlm.nih.gov/bioproject/PRJNA559058,,,,,no,China,case_control,166,57,26,83,oral,metagenome,,no,no,no,standard,"BioProject PRJNA559058 has no direct PubMed linkage, no linked publication on the BioProject page, and exact-title plus accession searches in PubMed return no records, so publication fields were left blank to avoid speculative linkage. Repository metadata are still sufficient for the cohort fields: the BioProject XML states that 57 ASD children (ASD_C) and their mothers (ASD_M), together with 26 matched healthy children (H_C) and their mothers (H_M), were recruited in Shandong, China, yielding 57 ASD children, 26 controls, 83 mothers in another group, and 166 total oral samples. Public BioSample linkouts for this accession return 166 records and confirm oral metagenome/oral swab metadata with geographic location China:JiNan. In contrast, the public BioProject-to-SRA linkout currently returns 0 results, so sequencing_platform and library_layout were left blank and raw_data_public was set to no because public sequence runs are not exposed on NCBI. assay_type_normalized was set to metagenome strictly from the BioSample package and organism annotations, not from an inferred publication."
SCR00130,BioProject,PRJNA578223,human gut metagenome Metagenome,https://www.ncbi.nlm.nih.gov/bioproject/PRJNA578223,Zou et al. 2020,Changes in the Gut Microbiota of Children with Autism Spectrum Disorder,10.1002/aur.2358,32830918,yes,China,case_control,96,48,48,,stool,16S,Illumina MiSeq,no,no,yes,standard,"BioProject PRJNA578223 and the linked Autism Research article describe a case-control cohort of 48 children with ASD and 48 healthy children in China, analyzed by bacterial 16S rRNA gene sequencing of fecal microbiota. Public SRA run XML confirms 96 paired-end Illumina MiSeq amplicon runs and labels the experiment design simply as 16S. However, the repository exposes only one public BioSample record (SAMN13053192, China:Shanghai) despite 96 total runs, so participant counts were extracted from the article and BioProject description rather than inferred from BioSample count. Country was assigned from the article affiliations and the available repository geo_loc_name, both pointing to China. PMCID was left blank because PubMed does not list one for this article."
SCR00132,BioProject,PRJNA589343,The gut microbiota changes in Chinese children with autism spectrum disorders,https://www.ncbi.nlm.nih.gov/bioproject/PRJNA589343,Ding et al. 2020,Gut microbiota changes in patients with autism spectrum disorders,10.1016/j.jpsychires.2020.06.032,32912596,yes,China,case_control,127,77,50,,stool,16S,Illumina HiSeq 4000,no,no,yes,standard,"BioProject PRJNA589343 embeds the exact PubMed-linked article by Ding et al. 2020 and public repository metadata cleanly match the cohort size. PubMed reports 77 children with ASD and 50 age-matched healthy children, and ENA/SRA sample metadata expose 127 fecal biosamples with aliases ASD1-ASD77 and HCs1-HCs50. Representative run XML shows the experiment design description as 16S V4 rRNA on Illumina HiSeq 4000, while SRA RunInfo labels library_strategy as Targeted-Capture; assay_type_normalized was therefore set to 16S based on the more specific experiment design and sample context. Country was taken from the article affiliations and study title/description indicating Chinese children with ASD. PMCID was left blank because PubMed does not list one for this article."
SCR00135,BioProject,PRJNA599249,Gut microbiota of ASD children,https://www.ncbi.nlm.nih.gov/bioproject/PRJNA599249,Wang et al. 2020,Probiotics and fructo-oligosaccharide intervention modulate the microbiota-gut brain axis to improve autism spectrum reducing also the hyper-serotonergic state and the dopamine metabolism disorder,10.1016/j.phrs.2020.104784,32305492,yes,China,intervention,50,26,24,,stool,16S,Illumina HiSeq 2500,yes,yes,yes,standard,"BioProject PRJNA599249 and the matched Pharmacol Res. article describe a two-stage cohort with 26 children with ASD and 24 normal children at discovery, followed by an intervention stage in the same 26 ASD children randomized to probiotics plus FOS (n=16) or placebo (n=10). The PubMed abstract explicitly states that gut microbiota profiles were measured using 16S rRNA sequencing. Representative SRA run XML confirms Human stool samples, AMPLICON library strategy, and Illumina HiSeq 2500. Public repository metadata expose 104 stool amplicon runs and samples because repeated intervention-associated uploads are present; n_asd and n_control were therefore extracted from the primary article at participant level rather than from raw run count."
SCR00140,BioProject,PRJNA624252,16S rRNA gene sequence of autism spectrum disorder children,https://www.ncbi.nlm.nih.gov/bioproject/PRJNA624252,Zhao et al. 2019,Correlation between gut microbiota and behavior symptoms in children with autism spectrum disorder,10.7499/j.issn.1008-8830.2019.07.009,31315765,yes,China,case_control,50,30,20,,stool,16S,Illumina MiSeq,no,no,yes,standard,"Primary article and PubMed directly confirm Zhao et al. 2019 (doi 10.7499/j.issn.1008-8830.2019.07.009; PMID 31315765; PMCID PMC7389106) for PRJNA624252. The article reports 30 ASD and 20 typically developing children from the Fifth Affiliated Hospital of Zhengzhou University, China, profiled from fecal samples by V3-V4 16S sequencing. BioProject overview is concordant at 50 experiments and 50 BioSamples, but currently visible run-level metadata expose only 49 unique biosample identifiers because ASD-25/SAMN14572492 appears duplicated and a distinct ASD-26 sample is not separately visible; participant counts were therefore anchored to the linked article and BioProject overview rather than the incomplete visible run list."
SCR00141,BioProject,PRJNA642975,16s rRNA amplicon sequencing of fecal samples from Chinese children with autism spectrum disorder,https://www.ncbi.nlm.nih.gov/bioproject/PRJNA642975,Cao et al. 2021,Dysbiotic Gut Microbiota and Dysregulation of Cytokine Profile in Children and Teens With Autism Spectrum Disorder,10.3389/fnins.2021.635925,33642989,yes,China,case_control,86,45,41,,stool,16S,Illumina HiSeq 2500,no,no,yes,standard,"BioProject PRJNA642975 directly matches the Frontiers in Neuroscience article by Cao et al. 2021. The BioProject title and description specify 16S rRNA amplicon sequencing of fecal samples from Chinese children with ASD, and the article reports a cohort of 45 ASD subjects and 41 healthy controls aged 2 to 19 years. The full text states that raw data were deposited under PRJNA642975 and that libraries were sequenced as paired-end 2 x 250 bp reads on an Illumina HiSeq apparatus; public RunInfo further resolves the platform as Illumina HiSeq 2500 with AMPLICON strategy and 86 unique biosamples. The article also cautions that healthy-control stool sequencing quality requires further validation, but cohort counts and core assay metadata are explicit."
SCR00143,BioProject,PRJNA644763,Study on the gut microbiota in autism children and their mothers Targeted loci,https://www.ncbi.nlm.nih.gov/bioproject/PRJNA644763,Chen et al. 2020,Gut Bacteria Shared by Children and Their Mothers Associate with Developmental Level and Social Deficits in Autism Spectrum Disorder,10.1128/mSphere.01044-20,33268567,yes,China,case_control,246,76,47,123,stool,16S,Illumina MiSeq,no,no,yes,standard,"PRJNA644763 is the actual raw-sequence accession explicitly cited in the data-availability statement of Chen et al. 2020. The mSphere article reports 76 ASD children and 47 age- and gender-matched typically developing children, together with the mothers of both groups, yielding 246 fecal samples/participants in the paired design; n_other was used for the 123 mothers. The full text states that the bacterial 16S rRNA V3-V4 regions in fecal samples were sequenced on an Illumina MiSeq platform. Public project mirrors such as CNGBdb/OmicsDI show 246 samples, 246 experiments, and 246 runs for PRJNA644763. linked_accessions was set to PRJNA644730 because that companion BioProject page carries the same study description but no public sequence data."
SCR00147,BioProject,PRJNA686821,Shotgun metagenomics data from human stool microorganism Raw sequence reads,https://www.ncbi.nlm.nih.gov/bioproject/PRJNA686821,Wan et al. 2022,Underdevelopment of the gut microbiota and bacteria species as non-invasive markers of prediction in children with autism spectrum disorder,10.1136/gutjnl-2020-324015,34312160,yes,Hong Kong,case_control,146,72,74,,stool,metagenome,Illumina NovaSeq 6000,no,no,yes,accepted_exception_public_subset_mismatch,"Retained in the dataset atlas as a valid paper-linked public dataset despite an exposure mismatch. Wan et al. 2022 report 146 Chinese children with deep faecal metagenomic sequencing, comprising 72 ASD and 74 typically developing children, and explicitly link the raw data to BioProject PRJNA686821. Repository metadata independently confirm human stool shotgun metagenomics on Illumina NovaSeq 6000 with paired-end WGS libraries. However, the currently exposed public accession contains only 128 runs/BioSamples, and the public sample-name structure resolves into a balanced subset of 64 a-series and 64 t-series samples rather than the full 72/74 article cohort. Therefore, n_asd and n_control were retained from the primary article, while assay, platform, body site, country, and library_layout were confirmed from repository metadata. This row is kept as a dataset-level exception and should be interpreted as a valid linked dataset whose current public release is smaller than the paper cohort."
SCR00148,BioProject,PRJNA687773,"Fecal microbiome of children with autism spectrum disorder, their mothers, and healthy children",https://www.ncbi.nlm.nih.gov/bioproject/PRJNA687773,Huang et al. 2021,Microbiome-Specific Statistical Modeling Identifies Interplay Between Gastrointestinal Microbiome and Neurobehavioral Outcomes in Patients With Autism: A Case Control Study,10.3389/fpsyt.2021.682454,34744810,yes,China,case_control,119,39,44,36,stool,16S,Illumina MiSeq,no,no,yes,standard,"PRJNA687773 is best matched to the microbiome-focused Frontiers in Psychiatry article by Huang et al. 2021, which explicitly cites SRA PRJNA687773 and describes a case-control design with 39 ASD subjects, 36 first-degree relative controls, and 44 age- and sex-matched healthy controls. The full article reports fecal sampling, V4-V5 16S amplicon sequencing using the 515f-y/926r primer pair, and sequencing on an Illumina MiSeq platform with paired-end PE300 chemistry. Importantly, the Methods section clarifies that although siblings were intended for the first-degree family member control group, only mothers were ultimately recruited as these 36 controls because of the paucity of siblings in the study population. This microbiome-primary paper therefore provides a coherent accession-matched total of 119 public participants/samples, and n_other records the 36 mothers."
SCR00149,BioProject,PRJNA691555,Tongue microbiome associated with autism,https://www.ncbi.nlm.nih.gov/bioproject/PRJNA691555,Abdulhaq et al. 2021,Tongue microbiome in children with autism spectrum disorder,10.1080/20002297.2021.1936434,34211637,yes,Saudi Arabia,case_control,63,25,38,,oral,16S,Illumina MiSeq,no,no,yes,standard,"The Journal of Oral Microbiology article by Abdulhaq et al. 2021 directly links its archive project ID to PRJNA691555 and reports tongue scraping samples from 25 children with ASD and 38 neurotypical controls. The article abstract specifies 16S rRNA sequencing of the V1-V3 region, and the full article page states that libraries were sequenced on an Illumina MiSeq using v3 2 x 300 bp chemistry. Because the sampling site is tongue scraping rather than stool, body_site_normalized was set to oral. country was recorded as Saudi Arabia from the Jazan University affiliations and recruitment context."
SCR00150,BioProject,PRJNA701402,Children with Attention-Deficit Hyperactivity Disorder or Autism spectrum disorder have distinct and shared microbiota compositions,https://www.ncbi.nlm.nih.gov/bioproject/PRJNA701402,Bundgaard-Nielsen et al. 2023,Children and adolescents with attention deficit hyperactivity disorder and autism spectrum disorder share distinct microbiota compositions,10.1080/19490976.2023.2211923,37199526,yes,Denmark,case_control,95,23,17,55,stool,16S,Illumina MiSeq,no,no,yes,standard,"The Gut Microbes article by Bundgaard-Nielsen et al. 2023 explicitly links PRJNA701402 in its data-availability statement. The study recruited 95 participants in Denmark across multiple groups: ADHD (n=32), ASD (n=12), comorbid ADHD/ASD (n=11), unaffected siblings (n=23 total), and non-related controls (n=17). For ASD-atlas extraction, n_asd was set to 23 to include all participants carrying an ASD diagnosis (12 ASD only plus 11 ADHD/ASD), n_control was set to the 17 non-related controls, and n_other captures the remaining 55 participants (32 ADHD-only cases plus 23 unaffected siblings). The article states that fecal bacterial DNA underwent 16S rRNA V4 sequencing and that reads were generated as 2x300 bp on an Illumina MiSeq platform."
SCR00158,BioProject,PRJNA744027,China ASD Children gut microbiota 16S sequencing,https://www.ncbi.nlm.nih.gov/bioproject/PRJNA744027,Ye et al. 2021,Comparison of gut microbiota in autism spectrum disorders and neurotypical boys in China: A case-control study,10.1016/j.synbio.2021.03.003,34095558,yes,China,case_control,89,71,18,,stool,16S,Illumina MiSeq,no,no,yes,standard,"The BioProject title PRJNA744027 explicitly describes a China ASD children gut microbiota 16S sequencing dataset. The matched primary article by Ye et al. 2021 reports a case-control study at China-Japan Friendship Hospital with 71 boys with ASD and 18 neurotypical controls. Full-text methods state that fecal bacterial profiling used 16S rRNA amplicon sequencing of the V1-V2 region on an Illumina MiSeq platform. The same article also performed a separate metagenomic sequencing arm on Illumina HiSeq 2500, but because the accession title specifically identifies the 16S release, assay_type_normalized was set to 16S and sequencing_platform to Illumina MiSeq for this BioProject."
SCR00159,BioProject,PRJNA746094,Multi-omics signature of Autism Spectral Disorder reveals novel microbial macromolecules,https://www.ncbi.nlm.nih.gov/bioproject/PRJNA746094,Osama et al. 2025,Integrative multi-omics analysis of autism spectrum disorder reveals unique microbial macromolecules interactions,10.1016/j.jare.2025.01.036,39870302,yes,Egypt,case_control,59,30,29,,stool,16S,Illumina MiSeq,no,no,yes,standard,"The primary Journal of Advanced Research article by Osama et al. 2025 explicitly links PRJNA746094 as the 16S rRNA sequencing repository for this multi-omics case-control study. The article recruited 30 children with severe ASD and 30 healthy controls in Egypt and describes stool microbiota profiling by 16S rRNA V3-V4 sequencing on an Illumina MiSeqDx platform. Crucially, the 16S quality-control subsection states that one control sample was excluded because of low paired-read quality, which explains why the public accession currently exposes 59 paired-end Illumina MiSeq runs/BioSamples rather than 60. For atlas purposes, this accession therefore reflects a final analyzed 16S cohort of 30 ASD and 29 control stool samples. Repository library fields remain generically labeled OTHER/PCR/METAGENOMIC, but the article's data-availability statement and methods section directly support normalization of this accession as 16S."
SCR00162,BioProject,PRJNA754695,Gut microbiota profile in Autism Spectrum Disorders patients,https://www.ncbi.nlm.nih.gov/bioproject/PRJNA754695,Vernocchi et al. 2022,Gut Microbiota Ecology and Inferred Functions in Children With ASD Compared to Neurotypical Subjects,10.3389/fmicb.2022.871086,35756062,yes,Italy,case_control,76,41,35,,stool,16S,Illumina MiSeq,no,no,yes,standard,"NCBI BioProject PRJNA754695 directly describes bacterial 16S rRNA metagenomic analysis of fecal samples on the Illumina MiSeq platform for ASD children. The linked PubMed article is not exposed through NCBI bioproject-to-pubmed elink in this session, so publication linkage was made through the primary article data-availability statement explicitly naming PRJNA754695. Counts, country, and case-control design were taken from the primary Frontiers article: 41 ASD children and 35 neurotypical controls recruited in Rome, Italy."
SCR00163,BioProject,PRJNA758217,the effect and mechanism of fecal bacteria transplantation on Autistic Spectrum Disorder,https://www.ncbi.nlm.nih.gov/bioproject/PRJNA758217,Li et al. 2021,Fecal Microbiota Transplantation Relieves Gastrointestinal and Autism Symptoms by Improving the Gut Microbiota in an Open-Label Study,10.3389/fcimb.2021.759435,34737978,yes,China,intervention,56,40,16,,gut,16S,Illumina MiSeq,yes,yes,yes,standard,"NCBI BioProject PRJNA758217 directly describes a clinical trial with 16S rRNA sequencing evaluating FMT effects in children with ASD. Publication linkage was made through the matched primary Frontiers article and exact title/accession concordance because NCBI bioproject-to-pubmed elink is empty. The article reports an open-label intervention study with 40 ASD children and 16 age- and sex-matched TD controls in Chongqing, China. Repository run metadata confirm AMPLICON sequencing on Illumina MiSeq and repeatedly label the design as gut 16S; however run aliases contain oral_week0 strings that likely indicate the oral FMT administration subgroup rather than the biospecimen itself. Because the accessible repository metadata explicitly say human-gut but do not explicitly say stool/feces at sample level, body_site_normalized was conservatively set to gut rather than stool."
SCR00165,BioProject,PRJNA769228,Gut microbial profile is associated with the severity of social impairment and IQ performance in children with autism spectrum disorders,https://www.ncbi.nlm.nih.gov/bioproject/PRJNA769228,Chen et al. 2021,Gut Microbial Profile Is Associated With the Severity of Social Impairment and IQ Performance in Children With Autism Spectrum Disorder,10.3389/fpsyt.2021.789864,34975585,yes,China,case_control,261,138,60,63,stool,16S,Illumina MiSeq,no,no,yes,standard,"PRJNA769228 is a mixed cohort study with three groups: 138 ASD, 63 developmental delay or intellectual disability (DD/ID), and 60 typically developing (TD) children from the Shanghai Xinhua Registry. n_control was restricted to the explicit TD comparator, and n_other captures the DD/ID group. The primary article and BioProject repository are directly linked by the article data-availability statement naming PRJNA769228. Article methods describe stool/fecal sampling and V3-V4 16S rRNA sequencing. The article text mentions sequencing on Illumina MiSeq and Ion PGM, but the public SRA runs for PRJNA769228 are consistently labeled AMPLICON on Illumina MiSeq with 2x300 bp reads, so sequencing_platform was normalized to Illumina MiSeq using repository metadata."
SCR00166,BioProject,PRJNA782533,Metagenomic study of the gut microbiome associated with autism spectrum disorders and their potential change after Microbiota Transfer Therapy,https://www.ncbi.nlm.nih.gov/bioproject/PRJNA782533,Nirmalkar et al. 2022,Shotgun Metagenomics Study Suggests Alteration in Sulfur Metabolism and Oxidative Stress in Children with Autism and Improvement after Microbiota Transfer Therapy,10.3390/ijms232113481,36362265,yes,United States,intervention,45,18,20,7,stool,metagenome,Illumina NextSeq 500,yes,yes,yes,standard,"The matched primary article explicitly states that PRJNA782533 contains shotgun metagenomic sequencing from the phase-1 open-label microbiota transfer therapy (MTT) study. Participant-level baseline comparator counts are 18 ASD and 20 typically developing controls; the accession additionally includes repeated ASD timepoints (10-week and 2-year follow-up) and donor cohorts (major donor n=5, maintenance donor n=2), recorded here as n_other=7 and reflected in n_total=45 unique human subjects. Repository metadata confirm WGS metagenomic libraries from human feces/feces metagenome on Illumina NextSeq 500. Country was normalized to United States from Arizona State University and sample geo_loc_name=USA:Ariozna in SRA metadata."
SCR00170,BioProject,PRJNA813424,"microbiome, mycobiome and sncRNAs of children with autism spectrum disorders",https://www.ncbi.nlm.nih.gov/bioproject/PRJNA813424,Chiappori et al. 2022,Analysis of Faecal Microbiota and Small ncRNAs in Autism: Detection of miRNAs and piRNAs with Possible Implications in Host-Gut Microbiota Cross-Talk,10.3390/nu14071340,35405953,yes,Italy,case_control,12,6,6,,stool,16S,Illumina MiSeq,no,no,yes,standard,"The primary Nutrients article and the public PRJNA813424 accession describe the same Italian case-control multi-omics cohort of 6 ASD and 6 neurotypical controls. For ASD-atlas extraction, the bacterial layer was normalized as 16S because the accession contains explicit paired-end amplicon runs for the 16S V3-V4 and 18S NS1-NS2 targets (sample names ending in V16 and V18) derived from stool/feces samples. The article methods state that 16S and 18S amplicons were sequenced on an Illumina MiSeq Flow Cell V3 with 2x300 bp chemistry, while small RNA libraries were sequenced separately on NextSeq 500 with 1x75 bp. Although the deposited SRA instrument_model field for the amplicon runs reports NextSeq 500, the public run-level statistics show paired reads of approximately 301 bp, which is consistent with MiSeq V3 amplicon sequencing and inconsistent with the small-RNA NextSeq configuration described in the paper. Sequencing_platform was therefore normalized to Illumina MiSeq and the repository instrument label is treated as a likely metadata error."
SCR00172,BioProject,PRJNA815491,A preliminary investigation on the relationship between gut microbiota and gene expressions in peripheral mononuclear cells of infants with autism spectrum disorders,https://www.ncbi.nlm.nih.gov/bioproject/PRJNA815491,Inoue et al. 2016,A preliminary investigation on the relationship between gut microbiota and gene expressions in peripheral mononuclear cells of infants with autism spectrum disorders,10.1080/09168451.2016.1222267,27581276,yes,Japan,case_control,12,6,6,,stool,16S,Illumina MiSeq,no,no,yes,standard,"The BioProject page for PRJNA815491 directly links to PubMed 27581276. The original article reports six infants with ASD and six healthy infants aged 3 to 5 years living in similar geographic regions in Japan. Public SRA run XML confirms paired-end AMPLICON sequencing of the V3-V4 region of the 16S rRNA gene on Illumina MiSeq, with run aliases explicitly labeling infant-asd samples and sample titles describing infant feces. Because the article is older and not openly mirrored in PMC within this session, country and counts were taken from the primary article metadata/snippet and repository link-outs, while assay/platform/body-site were confirmed from the original SRA repository pages."
SCR00180,BioProject,PRJNA895487,Multi-omic gut microbiomes of autistic children and their typically developing siblings,https://www.ncbi.nlm.nih.gov/bioproject/PRJNA895487,Tataru et al. 2023,Topic modeling for multi-omic integration in the human gut microbiome and implications for Autism,10.1038/s41598-023-38228-0,37443184,yes,United States,case_control,196,98,98,,stool,16S,Illumina MiSeq; Illumina NextSeq 500; Illumina HiSeq 4000,no,no,yes,accepted_exception_aggregated_multiomic_dataset,"Retained in the dataset atlas as an aggregated multi-omic public dataset accession rather than a single-assay study row. NCBI BioProject PRJNA895487 contains 16S amplicon, shotgun metagenomic, shotgun metatranscriptomic, and untargeted metabolomic stool data from autistic children and their typically developing siblings. Public SRA currently exposes 883 paired-end runs across 483 unique SampleName values, including 503 amplicon MiSeq runs, 194 WGS NextSeq 500 runs, and 186 metatranscriptomic HiSeq 4000 runs. The BioProject XML links multiple related publications; the current linked_publications, doi, and pmid fields remain anchored to Tataru et al. 2023 because that paper explicitly deposits data under PRJNA895487 and reports an overall sibling cohort of 196 children, comprising 98 ASD and 98 typically developing siblings, although only 81 stool samples received all four omic measurements. Therefore the current counts are retained as representative paper-level cohort counts, not as a summary of the full accession or of any single modality. This row is kept as a dataset-level exception for the atlas."
SCR00184,BioProject,PRJNA928241,Gut microbiome of autism spectrum disorder's patients in Thailand,https://www.ncbi.nlm.nih.gov/bioproject/PRJNA928241,Bhusri et al. 2025,Characterization of gut microbiota on gender and age groups bias in Thai patients with autism spectrum disorder,10.1038/s41598-025-86740-2,39833480,yes,Thailand,case_control,95,62,33,,stool,16S,Illumina NovaSeq 6000,no,no,yes,standard,"A directly matching Scientific Reports article was verified for PRJNA928241: Bhusri et al. 2025 (doi 10.1038/s41598-025-86740-2; PMID 39833480; PMCID PMC11747245). The article abstract reports 65 ASD and 30 NT individuals, but the full Methods section states that the 2019 Thai cohort comprised 62 ASD participants and 33 neurotypical siblings, for a total of 95 participants recruited at Yuwaprasart Waithayopathum Child and Adolescent Psychiatric Hospital. Public repository metadata independently support the Methods-level counts: the accession contains 95 SRA experiments and 95 BioSamples, and the sample-level metadata used in extraction resolve to 62 ASD and 33 neurotypical controls. The later author-correction notice (doi 10.1038/s41598-025-98923-y; PMID 40312492; PMCID PMC12046046) addresses equal-contribution authorship only and does not modify the cohort counts. Country and stool body-site were confirmed from public sample metadata. Run-level SRA metadata confirm paired-end 16S V4 amplicon sequencing with deposited platform Illumina NovaSeq 6000 and read lengths of approximately 251 bp, while the design description mentions MiSeq Reagent Kit V2. For atlas extraction, the participant counts were therefore fixed to the concordant Methods/repository values of 62 ASD and 33 controls."
SCR00185,BioProject,PRJNA932561,autistic children Raw sequence reads,https://www.ncbi.nlm.nih.gov/bioproject/PRJNA932561,He et al. 2023,Altered Gut Microbiota and Short-chain Fatty Acids in Chinese Children with Constipated Autism Spectrum Disorder,10.1038/s41598-023-46566-2,37925571,yes,China,case_control,80,40,40,,stool,16S,Illumina MiniSeq,no,no,yes,standard,"Primary article and PubMed directly confirm He et al. 2023 (doi 10.1038/s41598-023-46566-2; PMID 37925571; PMCID PMC10625580) for PRJNA932561. The study reports a Chinese case-control fecal 16S dataset with 40 ASD and 40 typically developing children. Public repository metadata independently support 80 public paired-end V4 16S runs on Illumina MiniSeq with sample aliases C-ASD-1 to C-ASD-40 and TD-1 to TD-40. body_site_raw and sample_type_raw were updated from the article wording faecal samples, and body_site_normalized was therefore set to stool."
SCR00189,BioProject,PRJNA943687,Faecal metagenome of children with autism spectrum disorder and children that are neurotypical,https://www.ncbi.nlm.nih.gov/bioproject/PRJNA943687,Wan et al. 2024,Fecal microbial marker panel for aiding diagnosis of autism spectrum disorders,10.1080/19490976.2024.2418984,39468837,yes,Hong Kong,case_control,598,264,334,,stool,metagenome,Illumina NovaSeq 6000,no,no,yes,standard,"The Gut Microbes article by Wan et al. 2024 directly states that the metagenomic sequencing data generated in this study were deposited under BioProject PRJNA943687. Full text was used for participant counts because the PubMed abstract is internally inconsistent: the abstract reports n=598 with ASD vs TD = 273 vs 325, whereas the article results and Table 1 report 264 ASD and 334 unrelated TD children total, split into a discovery cohort of 129 ASD and 144 TD and a validation cohort of 135 ASD and 190 TD. Country was taken from the article methods, which describe recruitment from Prince of Wales Hospital, Alice Ho Miu Ling Nethersole Hospital, and community controls in Hong Kong. Repository metadata support a fecal WGS dataset on Illumina NovaSeq 6000 with paired-end layout. The public BioProject has since expanded into a rolling resource with 2089 runs, 2089 BioSamples, and 2089 unique SampleName values under at least two major release waves, so the current accession no longer corresponds one-to-one to the Wan et al. 2024 cohort. This row is therefore treated as a reviewed paper-anchored cohort record for Wan et al. 2024 rather than a summary of the full current accession."
SCR00191,BioProject,PRJNA953169,Gur microbiota and metabolomics in child with autism spectrum disorder,https://www.ncbi.nlm.nih.gov/bioproject/PRJNA953169,Wang et al. 2023,Gut microbiota signature in children with autism spectrum disorder who suffered from chronic gastrointestinal symptoms,10.1186/s12887-023-04292-8,37730588,yes,China,case_control,83,42,41,,stool,16S,Illumina MiniSeq,no,no,yes,standard,"The BioProject title for PRJNA953169 contains a typographical error (""Gur microbiota and metabolomics in child with autism spectrum disorder""), but the public project description, article text, and data-availability statement all point to the same 16S fecal ASD cohort from Xiamen. Counts were taken from the primary BMC Pediatrics article and match repository metadata exactly: 42 ASD samples and 41 controls, totaling 83 public BioSamples/runs. Country was supported by both the article affiliations and ENA sample XML records, which consistently list China:Xiamen. Body site was normalized to stool from the article text reporting fecal samples; ENA sample metadata classify the samples under the human-gut MIMARKS package. Sequencing platform was taken from SRA RunInfo, which shows 83 paired-end AMPLICON runs on Illumina MiniSeq."
SCR00194,BioProject,PRJNA988151,Introduction: Nutrition and gut microbiota play a fundamental role in human health and various conditions such as Autism Spectrum Disorder (ASD). Children with ASD may have a restrictive diet due to increased sensory sensitivity or adherence to a glu,https://www.ncbi.nlm.nih.gov/bioproject/PRJNA988151,Mendive Dubourdieu and Guerendiain 2023,"Understanding the link between gut microbiota, dietary intake, and nutritional status in children with autism and typical development",10.3389/fnut.2023.1202948,37545578,yes,Uruguay,cross_sectional,58,30,28,,stool,16S,Ion GeneStudio S5,no,no,yes,standard,"The Frontiers in Nutrition article directly states in its data-availability section that the study data are deposited under BioProject PRJNA988151. The primary article and PubMed abstract consistently report a descriptive cross-sectional cohort of 30 ASD and 28 typically developing children, and these totals align exactly with the 58 public SRA runs currently exposed for the accession. Public repository metadata also confirm a 16S amplicon dataset on Ion Torrent GeneStudio S5 with single-end layout. The public BioProject description currently contains a conflicting longer summary mentioning ASD = 35 and TD = 30, but this was not adopted because it does not match the linked primary article or the public run count. Country was confirmed from the article affiliations and ENA BioSample metadata (Uruguay:Montevideo). Public repository structure remains unusual because all 58 runs are attached to a single BioSample accession (SAMN36008211), so participant-level counts cannot be reconstructed directly from BioSample aliases; nevertheless, the article-level 30/28 counts are strongly supported and were retained."
SCR00202,ENA,SRP681807,Gut and Oral Microbiome Signatures in ASD Sibling Pairs and Their Impact on BBB Integrity,https://www.ebi.ac.uk/ena/browser/view/SRP681807,,,,,no,Italy,case_control,8,4,4,,other,16S,Illumina MiSeq,no,no,yes,standard,"Public ENA/SRA metadata for SRP681807 expose 16 runs and 16 BioSamples corresponding to 8 unique human participants sampled at two body sites each. Sample aliases ASDF*/ASDO* and CTRF*/CTRO* indicate four ASD participants and four discordant sibling controls, with F = faeces/gut and O = oral swab. ENA read_run metadata confirm 16S V3-V4 amplicon sequencing on Illumina MiSeq with paired-end layout for all 16 runs. ENA BioSample XML records directly confirm Homo sapiens host, Italy as geographic location, faeces for the F-series samples, and oral swab/oral cavity for the O-series samples. study_design was normalized as case_control because the repository study title and sample structure explicitly describe discordant ASD sibling pairs versus control sibling records. Because this accession intentionally combines faecal and oral samples under one human ASD/control study rather than a single anatomical site, body_site_normalized was harmonized to other to preserve a single-value controlled vocabulary while keeping the literal mixed-site description in body_site_raw/sample_type_raw. No linked publication, DOI, or PMID was visible on the public ENA/SRA pages used here, and the linked BioProject PRJNA1433220 carries the same title without PubMed linkage, so this row is treated as a repository-only mixed-site human microbiome study rather than a paper-verified publication row."
SCR00204,Qiita,13631,Altered gut microbial profile is associated with abnormal metabolism activity of Autism Spectrum Disorder,https://qiita.ucsd.edu/study/description/13631,Dan et al. 2020,Altered gut microbial profile is associated with abnormal metabolism activity of Autism Spectrum Disorder,10.1080/19490976.2020.1747329,32312186,yes,China,case_control,286,143,143,,stool,16S,Illumina HiSeq 2500,no,no,yes,standard,"The public Qiita page for study 13631 is now directly inspectable and confirms the exact article title, a 16S study design, and a cohort description of 143 ASD with age and sex matched controls. The same Qiita page also exposes direct publication links to the Dan et al. 2020 DOI and PMID. This removes the earlier uncertainty about the paper-level mapping. The linkage to PRJNA453621 remains appropriate because the article contains both a large 16S fecal cohort and a separate 30 ASD plus 30 TD shotgun subset; the 143 plus 143 Qiita study clearly corresponds to the 16S branch rather than the shotgun subset PRJNA451479. Public RunInfo for PRJNA453621 confirms 286 records on Illumina HiSeq 2500 with single-end layout and library strategy OTHER, consistent with the already curated 16S accession row."
SCR00205,Qiita,13652,Gut Bacteria Shared by Children and Their Mothers Associate with Developmental Level and Social Deficits in Autism Spectrum Disorder,https://qiita.ucsd.edu/study/description/13652,Chen et al. 2020,Gut Bacteria Shared by Children and Their Mothers Associate with Developmental Level and Social Deficits in Autism Spectrum Disorder,10.1128/mSphere.01044-20,33268567,yes,China,case_control,246,76,47,123,stool,16S,Illumina MiSeq,no,no,yes,standard,"The PubMed record for PMID 33268567 directly exposes a dataset-resource link to qiita_13652, providing a public article-level linkage between this Qiita study ID and Chen et al. 2020 even though the public Qiita study page itself was not inspectable in this session. The primary mSphere article reports 76 ASD children and 47 typically developing children together with the mothers of both groups, for 246 total fecal participants/samples in the paired mother-child design; n_other was used for the 123 mothers. The same full text explicitly states that the 16S rRNA V3-V4 amplicon sequencing data are deposited under PRJNA644763, while companion BioProject PRJNA644730 carries the same cohort description without public sequence data. Therefore this Qiita record was anchored to the raw-data accession PRJNA644763, with country, body site, assay, and platform taken from the primary article and linked repository context."
SCR00206,Qiita,13695,Gut Microbial Dysbiosis in Indian Children with Autism Spectrum Disorders,https://qiita.ucsd.edu/study/description/13695,Pulikkan et al. 2018,Gut Microbial Dysbiosis in Indian Children with Autism Spectrum Disorders,10.1007/s00248-018-1176-2,29564487,yes,India,case_control,54,30,24,,stool,16S,NextSeq 500,no,no,yes,standard,"The PubMed record for PMID 29564487 directly exposes a dataset-resource link to qiita_13695, creating a public article-level linkage between this Qiita study ID and the Pulikkan et al. 2018 paper even though the public Qiita study page itself was not inspectable in this session. Participant counts, country, study design, stool body site, 16S assay, and sequencing platform were aligned to the already verified raw-sequence accession PRJNA355023, whose BioProject metadata describe the same Indian ASD gut dysbiosis cohort and whose public run metadata confirm Illumina NextSeq 500 amplicon sequencing. No PMCID was added because it was not available in the verified PubMed metadata used here."
